1298529365073.56,2:36:05 PM,105,0,292,4020,4583.58974358974,3767.17948717949,3893.33333333333,4119.48717948718,4477.94871794872,4307.17948717949,4063.58974358974,4325.12820512821,4452.30769230769,3967.17948717949,4101.02564102564,4429.23076923077,4261.53846153846,1697,1651,352.141,328.031890869141,0,0,0,0,0.1538293,0.2565349,0.3346934,0.274462,0.5926388,0,0,0,Thinking,87,100,100,0,1
1298529365073.56,2:36:05 PM,106,0,472,4024.61538461539,4622.05128205128,3764.61538461539,3885.12820512821,4147.17948717949,4485.64102564103,4314.8717948718,4074.8717948718,4319.48717948718,4451.28205128205,3975.38461538462,4108.20512820513,4437.94871794872,4272.30769230769,1696,1655,352.149,328.031890869141,0,0,0,0,0.1538293,0.2565349,0.3346934,0.274462,0.5926388,0,0,0,Thinking,87,100,100,0,1
1298529365073.56,2:36:05 PM,107,0,462,4020,4611.28205128205,3768.20512820513,3896.41025641026,4141.02564102564,4472.82051282051,4312.30769230769,4069.74358974359,4309.23076923077,4443.58974358974,3970.76923076923,4106.15384615385,4421.02564102564,4269.74358974359,1693,1656,352.161,328.157012939453,0,0,0,0,0.1538293,0.2565349,0.3346934,0.274462,0.5926388,0,0,0,Thinking,87,100,100,0,1
1298529365073.56,2:36:05 PM,108,0,322,4017.94871794872,4594.8717948718,3773.84615384615,3918.46153846154,4108.20512820513,4461.02564102564,4304.10256410256,4057.4358974359,4300.51282051282,4436.41025641026,3972.82051282051,4101.53846153846,4411.28205128205,4268.71794871795,1693,1662,352.165,328.157012939453,0,0,0,0,0.1538293,0.2565349,0.3346934,0.274462,0.5926388,0,0,0,Thinking,87,100,100,0,1
1298529365073.56,2:36:05 PM,109,0,292,4030.25641025641,4594.35897435897,3778.46153846154,3920.51282051282,4114.35897435897,4477.94871794872,4307.69230769231,4057.94871794872,4300.51282051282,4440.51282051282,3982.5641025641,4108.20512820513,4434.8717948718,4283.58974358974,1691,1666,352.172,328.157012939453,0,0,0,0,0.1538293,0.2565349,0.3346934,0.274462,0.5926388,0,0,0,Thinking,87,100,100,0,1
1298529365073.56,2:36:05 PM,110,0,472,4037.4358974359,4586.66666666667,3778.97435897436,3901.53846153846,4146.66666666667,4496.92307692308,4316.41025641026,4063.07692307692,4310.25641025641,4448.71794871795,3975.89743589744,4115.89743589744,4447.69230769231,4287.69230769231,1690,1670,352.18,328.157012939453,0,0,0,0,0.1538293,0.2565349,0.3346934,0.274462,0.5926388,0,0,0,Thinking,87,100,100,0,1
1298529365073.56,2:36:05 PM,111,0,462,4034.35897435898,4569.74358974359,3784.10256410256,3903.07692307692,4137.4358974359,4488.20512820513,4311.79487179487,4062.5641025641,4312.30769230769,4441.02564102564,3965.12820512821,4111.28205128205,4441.02564102564,4280.51282051282,1689,1672,352.192,328.157012939453,0,0,0,0,0.1538293,0.2565349,0.3346934,0.274462,0.5926388,0,0,0,Thinking,87,100,100,0,1
1298529365073.56,2:36:05 PM,112,0,322,4043.07692307692,4566.15384615385,3794.8717948718,3915.38461538462,4116.92307692308,4476.92307692308,4310.25641025641,4066.15384615385,4308.20512820513,4445.64102564103,3980.51282051282,4115.89743589744,4436.92307692308,4293.33333333333,1689,1677,352.196,328.157012939453,0,0,0,0,0.1538293,0.2565349,0.3346934,0.274462,0.5926388,0,0,0,Thinking,87,100,100,0,1
1298529365073.56,2:36:05 PM,113,0,292,4044.10256410256,4592.82051282051,3791.28205128205,3909.23076923077,4135.38461538462,4484.61538461538,4313.33333333333,4060.51282051282,4297.4358974359,4452.82051282051,3984.61538461539,4121.02564102564,4427.69230769231,4296.92307692308,1689,1680,352.204,328.157012939453,0,0,0,0,0.1538293,0.2565349,0.3346934,0.274462,0.5926388,0,0,0,Thinking,87,100,100,0,1
1298529365073.56,2:36:05 PM,114,0,472,4031.79487179487,4625.12820512821,3780,3904.10256410256,4137.94871794872,4478.46153846154,4295.89743589744,4047.17948717949,4283.58974358974,4440,3967.17948717949,4110.25641025641,4418.97435897436,4278.97435897436,1688,1684,352.212,328.157012939453,0,0,0,0,0.1538293,0.2565349,0.3346934,0.274462,0.5926388,0,0,0,Thinking,87,100,100,0,1
1298529365073.56,2:36:05 PM,115,0,462,4040,4609.74358974359,3785.64102564103,3907.69230769231,4105.64102564103,4466.15384615385,4289.74358974359,4055.89743589744,4290.76923076923,4446.15384615385,3975.38461538462,4109.74358974359,4427.17948717949,4281.53846153846,1689,1686,352.225,328.157012939453,0,0,0,0,0.1538293,0.2565349,0.3346934,0.274462,0.5926388,0,0,0,Thinking,87,100,100,0,1
1298529365073.56,2:36:05 PM,116,0,322,4056.92307692308,4583.07692307692,3797.94871794872,3906.15384615385,4110.76923076923,4485.12820512821,4317.94871794872,4075.89743589744,4306.15384615385,4468.71794871795,3993.33333333333,4119.48717948718,4440,4297.4358974359,1687,1687,352.227,328.157012939453,0,0,0,0,0.1538293,0.2565349,0.3346934,0.274462,0.5926388,0,0,0,Thinking,87,100,100,0,1
1298529365073.56,2:36:05 PM,117,0,292,4056.92307692308,4598.46153846154,3795.38461538462,3909.74358974359,4137.4358974359,4496.92307692308,4322.5641025641,4070.25641025641,4305.12820512821,4464.10256410256,3986.15384615385,4118.46153846154,4459.48717948718,4298.46153846154,1688,1692,352.235,328.157012939453,0,0,0,0,0.1538293,0.2565349,0.3346934,0.274462,0.5926388,0,0,0,Thinking,87,100,100,0,1
1298529365073.56,2:36:05 PM,118,0,472,4053.33333333333,4617.94871794872,3786.15384615385,3910.76923076923,4141.53846153846,4478.46153846154,4297.94871794872,4057.94871794872,4304.61538461538,4452.30769230769,3973.84615384615,4111.28205128205,4471.79487179487,4291.79487179487,1687,1695,352.243,328.157012939453,0,0,0,0,0.1538293,0.2565349,0.3346934,0.274462,0.5926388,0,0,0,Thinking,87,100,100,0,1
1298529365073.56,2:36:05 PM,119,0,462,4054.35897435898,4614.35897435897,3782.05128205128,3896.92307692308,4148.20512820513,4480.51282051282,4297.94871794872,4066.66666666667,4313.84615384615,4468.71794871795,3974.8717948718,4108.71794871795,4469.74358974359,4289.74358974359,1686,1700,352.255,328.157012939453,0,0,0,0,0.1538293,0.2565349,0.3346934,0.274462,0.5926388,0,0,0,Thinking,87,100,100,0,1
1298529365073.56,2:36:05 PM,120,0,322,4055.89743589744,4618.97435897436,3784.10256410256,3893.33333333333,4155.89743589744,4502.5641025641,4313.33333333333,4074.8717948718,4316.92307692308,4486.66666666667,3984.61538461539,4110.76923076923,4481.02564102564,4292.30769230769,1686,1705,352.258,328.157012939453,0,0,0,0,0.1538293,0.2565349,0.3346934,0.274462,0.5926388,0,0,0,Thinking,87,100,100,0,1
1298529365073.56,2:36:05 PM,121,0,292,4052.30769230769,4631.79487179487,3785.64102564103,3903.58974358974,4144.10256410256,4501.53846153846,4311.28205128205,4068.71794871795,4310.25641025641,4483.07692307692,3989.23076923077,4112.82051282051,4475.38461538462,4292.82051282051,1687,1712,352.266,328.157012939453,0,0,0,0,0.1538293,0.2565349,0.3346934,0.274462,0.5926388,0,0,0,Thinking,87,100,100,0,1
1298529365073.56,2:36:05 PM,122,0,472,4041.53846153846,4614.35897435897,3780.51282051282,3897.4358974359,4135.89743589744,4484.61538461538,4298.46153846154,4055.89743589744,4297.4358974359,4464.10256410256,3977.94871794872,4105.12820512821,4446.15384615385,4282.5641025641,1687,1716,352.274,328.157012939453,0,0,0,0,0.1538293,0.2565349,0.3346934,0.274462,0.5926388,0,0,0,Thinking,87,100,100,0,1
1298529365073.56,2:36:05 PM,123,0,462,4033.33333333333,4594.35897435897,3776.41025641026,3887.17948717949,4130.76923076923,4478.46153846154,4295.38461538462,4049.23076923077,4290.25641025641,4449.74358974359,3969.23076923077,4099.48717948718,4440.51282051282,4274.8717948718,1687,1720,352.286,328.282104492188,0,0,0,0,0.1538293,0.2565349,0.3346934,0.274462,0.5926388,0,0,0,Thinking,87,100,100,0,1
1298529365073.56,2:36:05 PM,124,0,322,4033.84615384615,4592.30769230769,3776.92307692308,3888.71794871795,4119.48717948718,4486.66666666667,4301.53846153846,4055.89743589744,4297.94871794872,4457.94871794872,3976.92307692308,4104.61538461538,4445.64102564103,4278.97435897436,1686,1721,352.29,328.282104492188,0,0,0,0,0.1538293,0.2565349,0.3346934,0.274462,0.5926388,0,0,0,Thinking,87,100,100,0,1
1298529365073.56,2:36:05 PM,125,0,292,4035.38461538462,4592.82051282051,3780,3886.66666666667,4124.10256410256,4492.82051282051,4301.53846153846,4057.4358974359,4295.89743589744,4461.02564102564,3980,4107.17948717949,4443.07692307692,4281.02564102564,1686,1721,352.298,328.282104492188,0,0,0,0,0.1538293,0.2565349,0.3346934,0.274462,0.5926388,0,0,0,Thinking,87,100,100,0,1
1298529365073.56,2:36:05 PM,126,0,472,4037.4358974359,4592.82051282051,3780,3887.17948717949,4135.89743589744,4483.58974358974,4292.30769230769,4049.74358974359,4284.10256410256,4450.76923076923,3974.35897435898,4105.12820512821,4451.79487179487,4282.05128205128,1686,1719,352.305,328.282104492188,0,0,0,0,0.1538293,0.2565349,0.3346934,0.274462,0.5926388,0,0,0,Thinking,87,100,100,0,1
1298529365073.56,2:36:05 PM,127,0,462,4032.82051282051,4591.28205128205,3772.30769230769,3893.33333333333,4125.12820512821,4477.4358974359,4289.74358974359,4046.15384615385,4279.48717948718,4440,3968.71794871795,4101.53846153846,4447.17948717949,4280.51282051282,1686,1718,352.317,328.282104492188,0,0,0,0,0.1538293,0.2565349,0.3346934,0.274462,0.5926388,0,0,0,Thinking,87,100,100,0,1
1298529365073.56,2:36:05 PM,128,0,322,4026.66666666667,4583.58974358974,3765.12820512821,3887.17948717949,4111.79487179487,4491.79487179487,4294.35897435897,4049.23076923077,4285.12820512821,4438.46153846154,3964.10256410256,4098.97435897436,4432.82051282051,4276.41025641026,1687,1715,352.321,328.282104492188,0,0,0,0,0.1538293,0.2565349,0.3346934,0.274462,0.5926388,0,0,0,Thinking,87,100,100,0,1
1298529365073.56,2:36:05 PM,0,0,356,4032.82051282051,4585.12820512821,3765.12820512821,3878.46153846154,4125.12820512821,4491.79487179487,4289.74358974359,4051.28205128205,4288.20512820513,4444.61538461538,3964.10256410256,4101.02564102564,4443.07692307692,4280.51282051282,1689,1713,352.329,328.282104492188,0,0,0,0,0.1538293,0.2565349,0.3346934,0.274462,0.5926388,0,0,0,Thinking,87,100,100,0,1
1298529365073.56,2:36:05 PM,1,0,208,4037.94871794872,4601.53846153846,3766.15384615385,3884.10256410256,4143.58974358974,4473.33333333333,4285.64102564103,4051.79487179487,4282.5641025641,4449.74358974359,3970.76923076923,4104.10256410256,4447.17948717949,4287.17948717949,1690,1706,352.337,328.282104492188,0,0,0,0,0.1538293,0.2565349,0.3346934,0.274462,0.5926388,0,0,0,Thinking,87,100,100,0,1
1298529365073.56,2:36:05 PM,2,0,524,4030.76923076923,4596.41025641026,3765.64102564103,3889.74358974359,4131.28205128205,4480.51282051282,4300,4060.51282051282,4282.05128205128,4461.02564102564,3976.92307692308,4106.15384615385,4449.23076923077,4286.15384615385,1691,1700,352.35,328.282104492188,0,0,0,0,0.1538293,0.2565349,0.3346934,0.274462,0.5926388,0,0,0,Thinking,87,100,100,0,1
1298529365073.56,2:36:05 PM,3,0,492,4014.8717948718,4574.8717948718,3762.05128205128,3885.64102564103,4115.38461538462,4500,4310.25641025641,4062.05128205128,4285.64102564103,4468.20512820513,3965.64102564103,4101.02564102564,4458.97435897436,4273.84615384615,1693,1690,352.352,328.282104492188,0,0,0,0,0.1538293,0.2565349,0.3346934,0.274462,0.5926388,0,0,0,Thinking,87,100,100,0,1
1298529365073.56,2:36:05 PM,4,0,534,3993.33333333333,4560,3756.41025641026,3885.12820512821,4123.58974358974,4491.28205128205,4293.33333333333,4045.64102564103,4278.46153846154,4452.30769230769,3949.74358974359,4090.76923076923,4452.82051282051,4258.97435897436,1694,1682,352.36,328.282104492188,0,0,0,0,0.1538293,0.2565349,0.3346934,0.274462,0.5926388,0,0,0,Thinking,87,100,100,0,1
1298529365073.56,2:36:05 PM,5,0,501,3985.12820512821,4554.8717948718,3758.97435897436,3884.61538461539,4128.20512820513,4477.4358974359,4282.5641025641,4038.97435897436,4274.35897435897,4444.10256410256,3960.51282051282,4092.82051282051,4449.74358974359,4261.02564102564,1696,1674,352.368,328.282104492188,0,0,0,0,0.1538293,0.2565349,0.3346934,0.274462,0.5926388,0,0,0,Thinking,87,100,100,0,1
1298529365073.56,2:36:05 PM,6,0,530,3994.8717948718,4558.46153846154,3765.64102564103,3886.15384615385,4123.58974358974,4486.66666666667,4296.41025641026,4060,4293.33333333333,4469.74358974359,3974.35897435898,4101.53846153846,4458.46153846154,4269.23076923077,1696,1664,352.38,328.282104492188,0,0,0,0,0.1538293,0.2565349,0.3346934,0.274462,0.5926388,0,0,0,Thinking,87,100,100,0,1
1298529365073.56,2:36:05 PM,7,0,496,3982.05128205128,4533.33333333333,3761.02564102564,3893.84615384615,4120.51282051282,4497.4358974359,4302.05128205128,4076.92307692308,4300.51282051282,4485.64102564103,3960,4094.8717948718,4441.53846153846,4259.48717948718,1697,1659,352.384,328.282104492188,0,0,0,0,0.1538293,0.2565349,0.3346934,0.274462,0.5926388,0,0,0,Thinking,87,100,100,0,1
1298529365073.56,2:36:05 PM,8,0,398,3956.92307692308,4491.28205128205,3756.92307692308,3894.35897435898,4125.12820512821,4503.58974358974,4296.92307692308,4063.58974358974,4285.64102564103,4469.23076923077,3949.23076923077,4085.64102564103,4422.5641025641,4249.74358974359,1697,1653,352.391,328.282104492188,0,0,0,0,0.1538293,0.2565349,0.3346934,0.274462,0.5926388,0,0,0,Thinking,87,100,100,0,1
1298529365073.56,2:36:05 PM,9,0,444,3959.48717948718,4488.20512820513,3764.10256410256,3894.8717948718,4139.48717948718,4510.25641025641,4304.61538461538,4046.15384615385,4274.8717948718,4462.05128205128,3966.66666666667,4093.84615384615,4420.51282051282,4257.94871794872,1697,1650,352.399,328.282104492188,0,0,0,0,0.1538293,0.2565349,0.3346934,0.274462,0.5926388,0,0,0,Thinking,87,100,100,0,1
1298529365073.56,2:36:05 PM,10,0,479,3972.82051282051,4510.76923076923,3772.82051282051,3900,4149.74358974359,4504.61538461538,4312.30769230769,4049.74358974359,4275.89743589744,4475.38461538462,3977.94871794872,4104.10256410256,4406.15384615385,4270.76923076923,1698,1648,352.411,328.4072265625,0,0,0,0,0.1538293,0.2565349,0.3346934,0.274462,0.5926388,0,0,0,Thinking,87,100,100,0,1
1298529365073.56,2:36:05 PM,11,0,462,3974.8717948718,4516.92307692308,3775.89743589744,3895.38461538462,4149.23076923077,4491.79487179487,4313.33333333333,4073.33333333333,4289.23076923077,4495.89743589744,3972.30769230769,4106.66666666667,4420,4276.92307692308,1698,1647,352.415,328.4072265625,0,0,0,0,0.1538293,0.2565349,0.3346934,0.274462,0.5926388,0,0,0,Thinking,87,100,100,0,1
1298529365073.56,2:36:05 PM,12,0,324,3974.35897435898,4499.48717948718,3775.89743589744,3888.20512820513,4142.5641025641,4495.89743589744,4315.89743589744,4083.07692307692,4301.53846153846,4502.05128205128,3965.12820512821,4106.66666666667,4463.58974358974,4273.33333333333,1698,1645,352.422,328.4072265625,0,0,0,0,0.1538293,0.2565349,0.3346934,0.274462,0.5926388,0,0,0,Thinking,87,100,100,0,1
1298529365073.56,2:36:05 PM,13,0,292,3967.17948717949,4483.07692307692,3772.30769230769,3886.66666666667,4144.61538461538,4508.20512820513,4316.41025641026,4070.76923076923,4293.33333333333,4485.64102564103,3957.94871794872,4103.07692307692,4450.25641025641,4262.5641025641,1698,1645,352.43,328.4072265625,0,0,0,0,0.1538293,0.2565349,0.3346934,0.274462,0.5926388,0,0,0,Thinking,87,100,100,0,1
1298529365073.56,2:36:05 PM,14,0,479,3957.94871794872,4484.10256410256,3772.30769230769,3886.15384615385,4149.74358974359,4507.17948717949,4309.23076923077,4067.69230769231,4281.02564102564,4473.84615384615,3955.89743589744,4101.02564102564,4426.15384615385,4260.51282051282,1699,1645,352.442,328.4072265625,0,0,0,0,0.1538293,0.2565349,0.3346934,0.274462,0.5926388,0,0,0,Thinking,87,100,100,0,1
1298529365073.56,2:36:05 PM,15,0,462,3960.51282051282,4483.07692307692,3777.94871794872,3891.79487179487,4141.02564102564,4496.41025641026,4301.53846153846,4071.28205128205,4283.07692307692,4473.84615384615,3960,4101.02564102564,4445.64102564103,4265.12820512821,1699,1646,352.446,328.4072265625,0,0,0,0,0.1538293,0.2565349,0.3346934,0.274462,0.5926388,0,0,0,Thinking,87,100,100,0,1
1298529365073.56,2:36:05 PM,16,0,0,3962.05128205128,4471.28205128205,3779.48717948718,3887.69230769231,4129.23076923077,4494.8717948718,4304.61538461538,4069.74358974359,4289.23076923077,4477.4358974359,3953.33333333333,4099.48717948718,4446.15384615385,4265.12820512821,1700,1645,352.454,328.4072265625,0,0,0,0,0.1538293,0.2565349,0.3346934,0.274462,0.5926388,0,0,0,Thinking,87,100,100,0,1
1298529365073.56,2:36:05 PM,17,0,0,3957.94871794872,4470.76923076923,3777.94871794872,3875.38461538462,4142.05128205128,4499.48717948718,4313.84615384615,4073.84615384615,4295.38461538462,4488.71794871795,3938.97435897436,4095.38461538462,4434.35897435897,4262.5641025641,1700,1644,352.462,328.4072265625,0,0,0,0,0.1538293,0.2565349,0.3346934,0.274462,0.5926388,0,0,0,Thinking,87,100,100,0,1
1298529365073.56,2:36:05 PM,18,0,0,3960.51282051282,4474.35897435897,3780,3879.48717948718,4164.10256410256,4505.12820512821,4314.35897435897,4075.89743589744,4294.8717948718,4487.69230769231,3936.41025641026,4092.82051282051,4452.30769230769,4256.41025641026,1703,1642,352.474,328.4072265625,0,0,0,0,0.1538293,0.2565349,0.3346934,0.274462,0.5926388,0,0,0,Thinking,87,100,100,0,1
1298529365073.56,2:36:05 PM,19,0,0,3959.48717948718,4472.82051282051,3773.33333333333,3870.76923076923,4160.51282051282,4507.69230769231,4307.69230769231,4070.25641025641,4286.15384615385,4474.35897435897,3941.53846153846,4088.71794871795,4454.35897435897,4249.74358974359,1704,1637,352.477,328.4072265625,0,0,0,0,0.1538293,0.2565349,0.3346934,0.274462,0.5926388,0,0,0,Thinking,87,100,100,0,1
1298529365073.56,2:36:05 PM,20,0,0,3952.30769230769,4474.8717948718,3766.66666666667,3846.66666666667,4149.74358974359,4495.89743589744,4309.23076923077,4084.10256410256,4289.74358974359,4482.05128205128,3943.07692307692,4090.25641025641,4430.76923076923,4252.30769230769,1704,1636,352.485,328.4072265625,0,0,0,0,0.1538293,0.2565349,0.3346934,0.274462,0.5926388,0,0,0,Thinking,87,100,100,0,1
1298529365073.56,2:36:05 PM,21,0,0,3952.82051282051,4471.28205128205,3769.74358974359,3854.35897435898,4155.89743589744,4489.23076923077,4308.71794871795,4096.92307692308,4296.41025641026,4490.76923076923,3940,4092.30769230769,4426.66666666667,4248.20512820513,1706,1635,352.493,328.4072265625,0,0,0,0,0.1538293,0.2565349,0.3346934,0.274462,0.5926388,0,0,0,Thinking,87,100,100,0,1
1298529365073.56,2:36:05 PM,22,0,0,3956.92307692308,4487.69230769231,3771.28205128205,3876.41025641026,4154.35897435897,4497.94871794872,4297.94871794872,4070.76923076923,4289.74358974359,4472.82051282051,3938.46153846154,4090.25641025641,4436.41025641026,4243.58974358974,1707,1636,352.505,328.4072265625,0,0,0,0,0.1538293,0.2565349,0.3346934,0.274462,0.5926388,0,0,0,Thinking,87,100,100,0,1
1298529365073.56,2:36:05 PM,23,0,0,3959.48717948718,4512.82051282051,3770.25641025641,3877.4358974359,4141.53846153846,4498.46153846154,4294.8717948718,4050.76923076923,4285.12820512821,4466.15384615385,3945.12820512821,4091.79487179487,4446.15384615385,4253.84615384615,1708,1635,352.509,328.4072265625,0,0,0,0,0.1538293,0.2565349,0.3346934,0.274462,0.5926388,0,0,0,Thinking,87,100,100,0,1
1298529365073.56,2:36:05 PM,24,0,0,3954.35897435898,4493.33333333333,3771.28205128205,3874.35897435898,4142.05128205128,4491.79487179487,4300.51282051282,4066.66666666667,4289.23076923077,4476.41025641026,3943.07692307692,4090.25641025641,4440.51282051282,4257.4358974359,1709,1636,352.517,328.4072265625,0,0,0,0,0.1538293,0.2565349,0.3346934,0.274462,0.5926388,0,0,0,Thinking,87,100,100,0,1
1298529365073.56,2:36:05 PM,25,0,0,3943.07692307692,4467.17948717949,3767.17948717949,3870.76923076923,4155.38461538462,4503.07692307692,4308.71794871795,4078.46153846154,4292.82051282051,4477.4358974359,3926.66666666667,4081.02564102564,4418.97435897436,4243.07692307692,1710,1636,352.524,328.4072265625,0,0,0,0,0.1538293,0.2565349,0.3346934,0.274462,0.5926388,0,0,0,Thinking,87,100,100,0,1
1298529365073.56,2:36:05 PM,26,0,0,3944.10256410256,4480,3765.64102564103,3862.5641025641,4165.12820512821,4515.38461538462,4315.89743589744,4076.41025641026,4296.92307692308,4476.92307692308,3930.76923076923,4083.58974358974,4434.35897435897,4242.05128205128,1709,1637,352.536,328.532348632813,0,0,0,0,0.1538293,0.2565349,0.3346934,0.274462,0.5926388,0,0,0,Thinking,87,100,100,0,1
1298529365073.56,2:36:05 PM,27,0,0,3951.79487179487,4497.94871794872,3768.71794871795,3865.12820512821,4165.64102564103,4497.94871794872,4306.66666666667,4074.8717948718,4296.92307692308,4472.30769230769,3949.74358974359,4091.79487179487,4463.07692307692,4256.92307692308,1711,1636,352.54,328.532348632813,0,0,0,0,0.1538293,0.2565349,0.3346934,0.274462,0.5926388,0,0,0,Thinking,87,100,100,0,1
1298529365073.56,2:36:05 PM,28,0,0,3946.66666666667,4487.69230769231,3767.17948717949,3870.25641025641,4138.46153846154,4470.76923076923,4289.23076923077,4072.82051282051,4292.30769230769,4461.53846153846,3938.97435897436,4086.66666666667,4447.17948717949,4253.33333333333,1710,1635,352.548,328.532348632813,0,0,0,0,0.1538293,0.2565349,0.3346934,0.274462,0.5926388,0,0,0,Thinking,87,100,100,0,1
1298529365073.56,2:36:05 PM,29,0,0,3948.20512820513,4481.02564102564,3772.30769230769,3874.35897435898,4106.66666666667,4477.94871794872,4298.97435897436,4084.10256410256,4297.4358974359,4467.69230769231,3924.10256410256,4089.23076923077,4423.07692307692,4248.71794871795,1711,1636,352.556,328.532348632813,0,0,0,0,0.1538293,0.2565349,0.3346934,0.274462,0.5926388,0,0,0,Thinking,87,100,100,0,1
1298529365073.56,2:36:05 PM,30,0,0,3954.8717948718,4491.79487179487,3777.4358974359,3869.74358974359,4118.97435897436,4500,4311.28205128205,4088.20512820513,4302.5641025641,4474.8717948718,3936.41025641026,4100,4426.15384615385,4256.41025641026,1711,1635,352.569,328.532348632813,0,0,0,0,0.1538293,0.2565349,0.3346934,0.274462,0.5926388,0,0,0,Thinking,87,100,100,0,1
1298529365073.56,2:36:05 PM,31,0,0,3950.76923076923,4502.5641025641,3773.84615384615,3861.02564102564,4139.48717948718,4489.74358974359,4296.41025641026,4067.69230769231,4308.71794871795,4474.8717948718,3946.15384615385,4098.97435897436,4438.97435897436,4257.94871794872,1709,1635,352.571,328.532348632813,0,0,0,0,0.1538293,0.2565349,0.3346934,0.274462,0.5926388,0,0,0,Thinking,87,100,100,0,1
1298529365073.56,2:36:05 PM,32,0,0,3955.38461538462,4517.4358974359,3774.8717948718,3867.17948717949,4139.48717948718,4486.66666666667,4299.48717948718,4071.28205128205,4329.74358974359,4496.92307692308,3945.12820512821,4102.05128205128,4458.97435897436,4264.61538461538,1711,1636,352.579,328.532348632813,0,0,0,0,0.1538293,0.2565349,0.3346934,0.274462,0.5926388,0,0,0,Thinking,87,100,100,0,1
1298529365073.56,2:36:05 PM,33,0,0,3967.17948717949,4528.71794871795,3781.53846153846,3879.48717948718,4152.82051282051,4511.79487179487,4323.58974358974,4099.48717948718,4343.07692307692,4511.79487179487,3947.17948717949,4113.84615384615,4466.15384615385,4273.84615384615,1709,1636,352.587,328.532348632813,0,0,0,0,0.1538293,0.2565349,0.3346934,0.274462,0.5926388,0,0,0,Thinking,87,100,100,0,1
1298529365073.56,2:36:05 PM,34,0,0,3957.94871794872,4515.89743589744,3779.48717948718,3877.94871794872,4152.30769230769,4504.10256410256,4315.89743589744,4091.28205128205,4324.10256410256,4487.17948717949,3944.10256410256,4108.71794871795,4444.10256410256,4262.5641025641,1709,1635,352.6,328.532348632813,0,0,0,0,0.1538293,0.2565349,0.3346934,0.274462,0.5926388,0,0,0,Thinking,87,100,100,0,1
1298529365073.56,2:36:05 PM,35,0,0,3944.61538461539,4499.48717948718,3774.8717948718,3865.64102564103,4121.02564102564,4484.10256410256,4300,4069.74358974359,4306.66666666667,4469.23076923077,3937.4358974359,4096.41025641026,4432.82051282051,4250.25641025641,1709,1633,352.603,328.532348632813,0,0,0,0,0.1538293,0.2565349,0.3346934,0.274462,0.5926388,0,0,0,Thinking,87,100,100,0,1
1298529365073.56,2:36:05 PM,36,0,0,3953.33333333333,4515.38461538462,3775.89743589744,3866.15384615385,4128.71794871795,4503.07692307692,4316.92307692308,4089.23076923077,4325.64102564103,4489.23076923077,3940,4099.48717948718,4454.8717948718,4260,1710,1632,352.61,328.532348632813,0,0,0,0,0.1538293,0.2565349,0.3346934,0.274462,0.5926388,0,0,0,Thinking,87,100,100,0,1
1298529365073.56,2:36:05 PM,37,0,0,3970.76923076923,4538.97435897436,3780,3877.94871794872,4168.20512820513,4522.05128205128,4333.33333333333,4112.30769230769,4354.35897435897,4508.20512820513,3944.10256410256,4108.71794871795,4477.4358974359,4273.84615384615,1709,1631,352.618,328.532348632813,0,0,0,0,0.1538293,0.2565349,0.3346934,0.274462,0.5926388,0,0,0,Thinking,87,100,100,0,1
1298529365073.56,2:36:05 PM,38,0,0,3970.76923076923,4535.89743589744,3782.5641025641,3873.84615384615,4154.8717948718,4508.71794871795,4328.71794871795,4109.23076923077,4349.23076923077,4495.38461538462,3940,4108.20512820513,4468.20512820513,4269.23076923077,1710,1631,352.63,328.532348632813,0,0,0,0,0.1538293,0.2565349,0.3346934,0.274462,0.5926388,0,0,0,Thinking,87,100,100,0,1
1298529365073.56,2:36:05 PM,39,0,0,3953.84615384615,4525.12820512821,3777.94871794872,3858.97435897436,4122.5641025641,4500,4323.07692307692,4101.02564102564,4329.74358974359,4478.97435897436,3936.92307692308,4102.05128205128,4440.51282051282,4256.92307692308,1709,1631,352.634,328.532348632813,0,0,0,0,0.1538293,0.2565349,0.3346934,0.274462,0.5926388,0,0,0,Thinking,87,100,100,0,1
1298529365073.56,2:36:05 PM,40,0,0,3954.35897435898,4522.05128205128,3775.38461538462,3864.10256410256,4129.23076923077,4506.66666666667,4325.12820512821,4104.10256410256,4339.48717948718,4489.23076923077,3938.97435897436,4101.02564102564,4445.64102564103,4258.97435897436,1707,1633,352.641,328.532348632813,0,0,0,0,0.1538293,0.2565349,0.3346934,0.274462,0.5926388,0,0,0,Thinking,87,100,100,0,1
1298529365073.56,2:36:05 PM,41,0,0,3974.8717948718,4524.61538461538,3781.53846153846,3882.5641025641,4134.35897435897,4510.25641025641,4326.15384615385,4104.10256410256,4349.74358974359,4496.41025641026,3938.97435897436,4105.64102564103,4469.23076923077,4269.74358974359,1708,1632,352.649,328.532348632813,0,0,0,0,0.1538293,0.2565349,0.3346934,0.274462,0.5926388,0,0,0,Thinking,87,100,100,0,1
1298529365576.58,2:36:05 PM,42,0,0,3990.76923076923,4537.94871794872,3787.17948717949,3883.58974358974,4125.12820512821,4509.74358974359,4325.64102564103,4102.5641025641,4340,4484.10256410256,3940,4110.25641025641,4459.48717948718,4272.30769230769,1705,1634,352.661,328.657440185547,0,0,0,0,0.1553963,0.2267015,0.3345551,0.278657,0.5885553,0,0,0,Thinking,87,100,100,0,1
1298529365576.58,2:36:05 PM,43,0,0,3993.33333333333,4556.92307692308,3784.10256410256,3876.92307692308,4144.61538461538,4506.15384615385,4325.12820512821,4108.20512820513,4343.07692307692,4480.51282051282,3936.41025641026,4108.71794871795,4446.66666666667,4269.23076923077,1705,1634,352.665,328.657440185547,0,0,0,0,0.1553963,0.2267015,0.3345551,0.278657,0.5885553,0,0,0,Thinking,87,100,100,0,1
1298529365576.58,2:36:05 PM,44,0,0,3973.84615384615,4549.23076923077,3772.82051282051,3873.84615384615,4149.74358974359,4506.15384615385,4323.58974358974,4096.41025641026,4335.89743589744,4464.61538461538,3916.41025641026,4096.92307692308,4443.07692307692,4255.38461538462,1702,1636,352.672,328.657440185547,0,0,0,0,0.1553963,0.2267015,0.3345551,0.278657,0.5885553,0,0,0,Thinking,87,100,100,0,1
1298529365576.58,2:36:05 PM,45,0,0,3961.53846153846,4522.05128205128,3772.82051282051,3877.4358974359,4121.02564102564,4508.71794871795,4325.64102564103,4082.05128205128,4310.76923076923,4441.02564102564,3916.92307692308,4097.4358974359,4413.33333333333,4248.20512820513,1700,1635,352.681,328.657440185547,0,0,0,0,0.1553963,0.2267015,0.3345551,0.278657,0.5885553,0,0,0,Thinking,87,100,100,0,1
1298529365576.58,2:36:05 PM,46,0,0,3976.92307692308,4523.07692307692,3783.07692307692,3883.58974358974,4118.97435897436,4502.05128205128,4322.05128205128,4089.23076923077,4314.8717948718,4452.30769230769,3940,4109.74358974359,4407.69230769231,4265.64102564103,1700,1635,352.693,328.657440185547,0,0,0,0,0.1553963,0.2267015,0.3345551,0.278657,0.5885553,0,0,0,Thinking,87,100,100,0,1
1298529365576.58,2:36:05 PM,47,0,0,3979.48717948718,4521.53846153846,3777.94871794872,3882.05128205128,4136.41025641026,4493.33333333333,4314.35897435897,4097.94871794872,4343.58974358974,4467.69230769231,3930.76923076923,4103.07692307692,4443.58974358974,4267.69230769231,1700,1636,352.696,328.657440185547,0,0,0,0,0.1553963,0.2267015,0.3345551,0.278657,0.5885553,0,0,0,Thinking,87,100,100,0,1
1298529365576.58,2:36:05 PM,48,0,0,3964.61538461539,4507.69230769231,3770.25641025641,3877.4358974359,4125.12820512821,4494.35897435897,4314.35897435897,4096.92307692308,4351.79487179487,4462.05128205128,3916.92307692308,4091.79487179487,4452.30769230769,4249.74358974359,1699,1638,352.704,328.657440185547,0,0,0,0,0.1553963,0.2267015,0.3345551,0.278657,0.5885553,0,0,0,Thinking,87,100,100,0,1
1298529365576.58,2:36:05 PM,49,0,0,3971.79487179487,4536.41025641026,3773.84615384615,3872.30769230769,4108.20512820513,4493.33333333333,4310.25641025641,4090.25641025641,4336.92307692308,4462.05128205128,3929.23076923077,4097.4358974359,4439.48717948718,4249.74358974359,1700,1641,352.712,328.657440185547,0,0,0,0,0.1553963,0.2267015,0.3345551,0.278657,0.5885553,0,0,0,Thinking,87,100,100,0,1
1298529365576.58,2:36:05 PM,50,0,0,3978.97435897436,4551.28205128205,3775.38461538462,3874.8717948718,4120,4487.69230769231,4296.41025641026,4084.61538461539,4328.71794871795,4462.5641025641,3922.5641025641,4100.51282051282,4442.5641025641,4254.8717948718,1699,1642,352.724,328.657440185547,0,0,0,0,0.1553963,0.2267015,0.3345551,0.278657,0.5885553,0,0,0,Thinking,87,100,100,0,1
1298529365576.58,2:36:05 PM,51,0,0,3968.71794871795,4507.69230769231,3775.38461538462,3872.82051282051,4130.76923076923,4492.82051282051,4296.41025641026,4086.15384615385,4334.35897435897,4458.97435897436,3919.48717948718,4100.51282051282,4449.23076923077,4254.35897435897,1700,1640,352.728,328.657440185547,0,0,0,0,0.1553963,0.2267015,0.3345551,0.278657,0.5885553,0,0,0,Thinking,87,100,100,0,1
1298529365576.58,2:36:05 PM,52,0,0,3974.8717948718,4515.38461538462,3782.5641025641,3865.12820512821,4119.48717948718,4492.30769230769,4308.20512820513,4096.92307692308,4342.5641025641,4474.35897435897,3943.07692307692,4111.28205128205,4454.35897435897,4266.66666666667,1699,1639,352.735,328.657440185547,0,0,0,0,0.1553963,0.2267015,0.3345551,0.278657,0.5885553,0,0,0,Thinking,87,100,100,0,1
1298529365576.58,2:36:05 PM,53,0,0,3986.66666666667,4566.66666666667,3782.5641025641,3874.8717948718,4116.41025641026,4488.71794871795,4307.69230769231,4098.46153846154,4349.23076923077,4483.58974358974,3940,4110.76923076923,4464.10256410256,4273.84615384615,1698,1637,352.743,328.657440185547,0,0,0,0,0.1553963,0.2267015,0.3345551,0.278657,0.5885553,0,0,0,Thinking,87,100,100,0,1
1298529365576.58,2:36:05 PM,54,0,0,3977.94871794872,4530.25641025641,3775.89743589744,3891.28205128205,4125.64102564103,4502.5641025641,4306.66666666667,4097.94871794872,4346.15384615385,4463.58974358974,3922.05128205128,4097.4358974359,4462.05128205128,4258.46153846154,1697,1637,352.755,328.657440185547,0,0,0,0,0.1553963,0.2267015,0.3345551,0.278657,0.5885553,0,0,0,Thinking,87,100,100,0,1
1298529365576.58,2:36:05 PM,55,0,0,3965.12820512821,4476.41025641026,3775.89743589744,3871.28205128205,4117.4358974359,4502.05128205128,4306.66666666667,4132.82051282051,4348.20512820513,4449.74358974359,3924.10256410256,4093.33333333333,4449.74358974359,4245.64102564103,1696,1637,352.759,328.657440185547,0,0,0,0,0.1553963,0.2267015,0.3345551,0.278657,0.5885553,0,0,0,Thinking,87,100,100,0,1
1298529365576.58,2:36:05 PM,56,0,0,3972.82051282051,4515.89743589744,3781.53846153846,3848.71794871795,4114.35897435897,4480.51282051282,4302.5641025641,4196.92307692308,4391.79487179487,4462.05128205128,3930.76923076923,4101.02564102564,4458.97435897436,4256.41025641026,1693,1637,352.767,328.657440185547,0,0,0,0,0.1553963,0.2267015,0.3345551,0.278657,0.5885553,0,0,0,Thinking,87,100,100,0,1
1298529365576.58,2:36:05 PM,57,0,0,3988.20512820513,4532.82051282051,3786.15384615385,3874.35897435898,4127.69230769231,4474.8717948718,4302.05128205128,4237.4358974359,4436.41025641026,4477.4358974359,3928.71794871795,4104.10256410256,4486.66666666667,4270.25641025641,1692,1637,352.775,328.657440185547,0,0,0,0,0.1553963,0.2267015,0.3345551,0.278657,0.5885553,0,0,0,Thinking,87,100,100,0,1
1298529365576.58,2:36:05 PM,58,0,0,3982.5641025641,4497.94871794872,3781.53846153846,3886.15384615385,4128.71794871795,4496.41025641026,4312.30769230769,4234.35897435897,4421.02564102564,4473.33333333333,3920.51282051282,4097.94871794872,4496.92307692308,4261.53846153846,1690,1639,352.788,328.782562255859,0,0,0,0,0.1553963,0.2267015,0.3345551,0.278657,0.5885553,0,0,0,Thinking,87,100,100,0,1
1298529365576.58,2:36:05 PM,59,0,0,3970.25641025641,4508.20512820513,3776.92307692308,3866.66666666667,4129.74358974359,4509.74358974359,4314.8717948718,4230.25641025641,4398.46153846154,4466.15384615385,3916.92307692308,4093.33333333333,4493.84615384615,4252.82051282051,1689,1642,352.79,328.782562255859,0,0,0,0,0.1553963,0.2267015,0.3345551,0.278657,0.5885553,0,0,0,Thinking,87,100,100,0,1
1298529365576.58,2:36:05 PM,60,0,0,3973.84615384615,4533.84615384615,3779.48717948718,3866.66666666667,4129.74358974359,4494.35897435897,4300,4212.30769230769,4400,4467.17948717949,3922.5641025641,4095.89743589744,4489.74358974359,4256.41025641026,1688,1642,352.798,328.782562255859,0,0,0,0,0.1553963,0.2267015,0.3345551,0.278657,0.5885553,0,0,0,Thinking,87,100,100,0,1
1298529365576.58,2:36:05 PM,61,0,0,3973.84615384615,4524.10256410256,3776.92307692308,3871.28205128205,4120.51282051282,4483.07692307692,4297.4358974359,4149.23076923077,4375.89743589744,4461.53846153846,3921.02564102564,4097.94871794872,4463.58974358974,4252.30769230769,1686,1646,352.806,328.782562255859,0,0,0,0,0.1553963,0.2267015,0.3345551,0.278657,0.5885553,0,0,0,Thinking,87,100,100,0,1
1298529365576.58,2:36:05 PM,62,0,0,3957.94871794872,4518.46153846154,3768.71794871795,3860,4124.10256410256,4494.8717948718,4307.17948717949,4103.58974358974,4342.5641025641,4446.66666666667,3903.58974358974,4094.8717948718,4437.94871794872,4244.10256410256,1687,1648,352.818,328.782562255859,0,0,0,0,0.1553963,0.2267015,0.3345551,0.278657,0.5885553,0,0,0,Thinking,87,100,100,0,1
1298529365576.58,2:36:05 PM,63,0,0,3960,4526.15384615385,3771.79487179487,3859.48717948718,4123.07692307692,4496.41025641026,4307.17948717949,4105.12820512821,4333.84615384615,4442.05128205128,3900.51282051282,4097.4358974359,4437.94871794872,4248.71794871795,1686,1648,352.821,328.782562255859,0,0,0,0,0.1553963,0.2267015,0.3345551,0.278657,0.5885553,0,0,0,Thinking,87,100,100,0,1
1298529365576.58,2:36:05 PM,64,0,356,3984.61538461539,4522.5641025641,3785.12820512821,3872.82051282051,4110.76923076923,4478.97435897436,4306.15384615385,4112.30769230769,4343.07692307692,4460.51282051282,3918.97435897436,4107.17948717949,4442.5641025641,4260.51282051282,1686,1647,352.828,328.782562255859,0,0,0,0,0.1553963,0.2267015,0.3345551,0.278657,0.5885553,0,0,0,Thinking,87,100,100,0,1
1298529365576.58,2:36:05 PM,65,0,211,3991.79487179487,4518.46153846154,3789.74358974359,3865.12820512821,4122.05128205128,4475.38461538462,4313.33333333333,4112.82051282051,4360,4481.53846153846,3926.15384615385,4115.38461538462,4456.41025641026,4271.28205128205,1686,1646,352.837,328.782562255859,0,0,0,0,0.1553963,0.2267015,0.3345551,0.278657,0.5885553,0,0,0,Thinking,87,100,100,0,1
1298529365576.58,2:36:05 PM,66,0,524,3987.69230769231,4529.23076923077,3787.69230769231,3872.30769230769,4133.84615384615,4483.07692307692,4307.69230769231,4104.61538461538,4354.8717948718,4472.82051282051,3913.33333333333,4113.84615384615,4482.5641025641,4274.8717948718,1685,1642,352.849,328.782562255859,0,0,0,0,0.1553963,0.2267015,0.3345551,0.278657,0.5885553,0,0,0,Thinking,87,100,100,0,1
1298529365576.58,2:36:05 PM,67,0,496,3991.79487179487,4524.61538461538,3790.25641025641,3901.53846153846,4117.4358974359,4490.25641025641,4294.35897435897,4077.94871794872,4327.17948717949,4453.84615384615,3906.66666666667,4110.76923076923,4481.02564102564,4270.25641025641,1684,1639,352.853,328.782562255859,0,0,0,0,0.1553963,0.2267015,0.3345551,0.278657,0.5885553,0,0,0,Thinking,87,100,100,0,1
1298529365576.58,2:36:05 PM,68,0,534,3982.05128205128,4492.82051282051,3785.12820512821,3883.58974358974,4114.8717948718,4500.51282051282,4300.51282051282,4068.20512820513,4320.51282051282,4454.8717948718,3911.28205128205,4110.76923076923,4438.97435897436,4263.58974358974,1684,1636,352.861,328.782562255859,0,0,0,0,0.1553963,0.2267015,0.3345551,0.278657,0.5885553,0,0,0,Thinking,87,100,100,0,1
1298529365576.58,2:36:05 PM,69,0,501,3970.25641025641,4498.97435897436,3777.94871794872,3842.05128205128,4130.76923076923,4498.97435897436,4310.76923076923,4091.28205128205,4340,4467.17948717949,3910.25641025641,4111.28205128205,4416.92307692308,4262.05128205128,1682,1632,352.868,328.782562255859,0,0,0,0,0.1553963,0.2267015,0.3345551,0.278657,0.5885553,0,0,0,Thinking,87,100,100,0,1
1298529365576.58,2:36:05 PM,70,0,530,3991.79487179487,4550.25641025641,3784.10256410256,3852.30769230769,4145.12820512821,4488.71794871795,4306.66666666667,4092.82051282051,4345.12820512821,4470.76923076923,3910.25641025641,4113.84615384615,4458.46153846154,4272.30769230769,1681,1632,352.88,328.782562255859,0,0,0,0,0.1553963,0.2267015,0.3345551,0.278657,0.5885553,0,0,0,Thinking,87,100,100,0,1
1298529365576.58,2:36:05 PM,71,0,496,4010.76923076923,4550.76923076923,3790.25641025641,3883.07692307692,4144.10256410256,4492.82051282051,4300,4074.35897435898,4333.84615384615,4464.61538461538,3913.84615384615,4117.4358974359,4497.4358974359,4283.07692307692,1680,1631,352.884,328.782562255859,0,0,0,0,0.1553963,0.2267015,0.3345551,0.278657,0.5885553,0,0,0,Thinking,87,100,100,0,1
1298529365576.58,2:36:05 PM,72,0,398,3997.4358974359,4513.33333333333,3785.12820512821,3880,4127.17948717949,4500.51282051282,4306.15384615385,4081.53846153846,4338.97435897436,4471.28205128205,3915.38461538462,4120,4467.17948717949,4282.5641025641,1678,1632,352.892,328.782562255859,0,0,0,0,0.1553963,0.2267015,0.3345551,0.278657,0.5885553,0,0,0,Thinking,87,100,100,0,1
1298529365576.58,2:36:05 PM,73,0,444,3986.66666666667,4525.64102564103,3777.94871794872,3863.07692307692,4125.64102564103,4500,4306.66666666667,4086.15384615385,4343.07692307692,4482.05128205128,3910.76923076923,4115.89743589744,4436.92307692308,4273.84615384615,1678,1630,352.9,328.782562255859,0,0,0,0,0.1553963,0.2267015,0.3345551,0.278657,0.5885553,0,0,0,Thinking,87,100,100,0,1
1298529365576.58,2:36:05 PM,74,0,477,3989.23076923077,4548.71794871795,3774.35897435898,3861.53846153846,4131.79487179487,4495.89743589744,4292.30769230769,4063.58974358974,4323.58974358974,4469.23076923077,3893.84615384615,4107.17948717949,4463.58974358974,4263.58974358974,1675,1630,352.912,328.907653808594,0,0,0,0,0.1553963,0.2267015,0.3345551,0.278657,0.5885553,0,0,0,Thinking,87,100,100,0,1
1298529365576.58,2:36:05 PM,75,0,462,3985.64102564103,4528.71794871795,3777.4358974359,3878.97435897436,4120,4488.71794871795,4300,4068.71794871795,4325.64102564103,4453.33333333333,3888.20512820513,4108.20512820513,4477.4358974359,4265.64102564103,1676,1630,352.915,328.907653808594,0,0,0,0,0.1553963,0.2267015,0.3345551,0.278657,0.5885553,0,0,0,Thinking,87,100,100,0,1
1298529365576.58,2:36:05 PM,76,0,324,3990.25641025641,4524.10256410256,3785.64102564103,3890.76923076923,4125.64102564103,4491.28205128205,4320,4098.97435897436,4353.84615384615,4471.28205128205,3898.46153846154,4117.94871794872,4471.28205128205,4277.94871794872,1675,1630,352.923,328.907653808594,0,0,0,0,0.1553963,0.2267015,0.3345551,0.278657,0.5885553,0,0,0,Thinking,87,100,100,0,1
1298529365576.58,2:36:05 PM,77,0,292,3991.79487179487,4550.76923076923,3780,3875.89743589744,4134.35897435897,4496.41025641026,4305.64102564103,4084.10256410256,4343.58974358974,4474.35897435897,3894.35897435898,4112.82051282051,4474.8717948718,4273.84615384615,1674,1633,352.931,328.907653808594,0,0,0,0,0.1553963,0.2267015,0.3345551,0.278657,0.5885553,0,0,0,Thinking,87,100,100,0,1
1298529365576.58,2:36:05 PM,78,0,477,3978.46153846154,4544.10256410256,3771.28205128205,3865.12820512821,4107.17948717949,4487.17948717949,4288.20512820513,4056.92307692308,4309.23076923077,4438.97435897436,3883.58974358974,4098.97435897436,4454.8717948718,4255.89743589744,1674,1635,352.943,328.907653808594,0,0,0,0,0.1553963,0.2267015,0.3345551,0.278657,0.5885553,0,0,0,Thinking,87,100,100,0,1
1298529365576.58,2:36:05 PM,79,0,462,3988.20512820513,4521.53846153846,3785.12820512821,3878.97435897436,4101.02564102564,4481.53846153846,4307.17948717949,4082.5641025641,4332.82051282051,4451.28205128205,3897.94871794872,4109.74358974359,4455.38461538462,4269.74358974359,1675,1637,352.947,328.907653808594,0,0,0,0,0.1553963,0.2267015,0.3345551,0.278657,0.5885553,0,0,0,Thinking,87,100,100,0,1
1298529365576.58,2:36:05 PM,80,0,324,4013.84615384615,4538.46153846154,3795.89743589744,3882.5641025641,4142.5641025641,4496.41025641026,4322.05128205128,4110.76923076923,4374.8717948718,4494.35897435897,3915.38461538462,4126.15384615385,4496.92307692308,4295.89743589744,1676,1637,352.954,328.907653808594,0,0,0,0,0.1553963,0.2267015,0.3345551,0.278657,0.5885553,0,0,0,Thinking,87,100,100,0,1
1298529365576.58,2:36:05 PM,81,0,292,4011.79487179487,4558.46153846154,3786.15384615385,3875.38461538462,4160.51282051282,4507.69230769231,4312.30769230769,4095.38461538462,4361.02564102564,4489.74358974359,3903.58974358974,4117.4358974359,4500,4289.74358974359,1675,1643,352.962,328.907653808594,0,0,0,0,0.1553963,0.2267015,0.3345551,0.278657,0.5885553,0,0,0,Thinking,87,100,100,0,1
1298529365576.58,2:36:05 PM,82,0,477,4002.5641025641,4553.33333333333,3784.10256410256,3887.17948717949,4132.82051282051,4502.05128205128,4308.20512820513,4083.07692307692,4338.46153846154,4465.12820512821,3889.23076923077,4108.71794871795,4467.69230769231,4275.89743589744,1678,1643,352.975,328.907653808594,0,0,0,0,0.1553963,0.2267015,0.3345551,0.278657,0.5885553,0,0,0,Thinking,87,100,100,0,1
1298529365576.58,2:36:05 PM,83,0,462,4008.20512820513,4549.74358974359,3791.79487179487,3890.25641025641,4124.61538461538,4494.35897435897,4307.69230769231,4094.35897435898,4349.23076923077,4469.23076923077,3898.97435897436,4115.38461538462,4475.38461538462,4281.53846153846,1678,1644,352.978,328.907653808594,0,0,0,0,0.1553963,0.2267015,0.3345551,0.278657,0.5885553,0,0,0,Thinking,87,100,100,0,1
1298529365576.58,2:36:05 PM,84,0,324,4008.71794871795,4556.41025641026,3786.15384615385,3873.33333333333,4142.5641025641,4494.8717948718,4305.12820512821,4091.28205128205,4356.41025641026,4471.79487179487,3908.20512820513,4117.4358974359,4481.53846153846,4284.61538461538,1680,1644,352.986,328.907653808594,0,0,0,0,0.1553963,0.2267015,0.3345551,0.278657,0.5885553,0,0,0,Thinking,87,100,100,0,1
1298529365576.58,2:36:05 PM,85,0,292,4002.05128205128,4567.17948717949,3778.97435897436,3874.8717948718,4141.53846153846,4506.15384615385,4310.25641025641,4077.94871794872,4345.12820512821,4461.02564102564,3896.41025641026,4113.33333333333,4456.41025641026,4277.94871794872,1682,1645,352.994,328.907653808594,0,0,0,0,0.1553963,0.2267015,0.3345551,0.278657,0.5885553,0,0,0,Thinking,87,100,100,0,1
1298529365576.58,2:36:05 PM,86,0,477,4001.02564102564,4567.69230769231,3782.5641025641,3888.20512820513,4135.89743589744,4508.20512820513,4314.8717948718,4076.92307692308,4338.97435897436,4458.97435897436,3890.76923076923,4117.4358974359,4467.69230769231,4276.92307692308,1683,1648,353.007,328.907653808594,0,0,0,0,0.1553963,0.2267015,0.3345551,0.278657,0.5885553,0,0,0,Thinking,87,100,100,0,1
1298529365576.58,2:36:05 PM,87,0,462,3998.46153846154,4556.41025641026,3786.66666666667,3881.02564102564,4137.94871794872,4491.79487179487,4307.17948717949,4076.92307692308,4342.05128205128,4462.05128205128,3906.66666666667,4123.07692307692,4495.89743589744,4282.5641025641,1685,1649,353.009,328.907653808594,0,0,0,0,0.1553963,0.2267015,0.3345551,0.278657,0.5885553,0,0,0,Thinking,87,100,100,0,1
1298529365576.58,2:36:05 PM,88,0,324,3992.30769230769,4558.97435897436,3786.15384615385,3873.33333333333,4126.15384615385,4481.53846153846,4302.5641025641,4070.76923076923,4344.61538461538,4463.58974358974,3910.25641025641,4120,4486.66666666667,4280,1687,1651,353.017,328.907653808594,0,0,0,0,0.1553963,0.2267015,0.3345551,0.278657,0.5885553,0,0,0,Thinking,87,100,100,0,1
1298529365576.58,2:36:05 PM,89,0,292,3982.5641025641,4551.28205128205,3778.97435897436,3881.53846153846,4119.48717948718,4489.23076923077,4306.15384615385,4064.61538461539,4341.02564102564,4460.51282051282,3892.82051282051,4108.20512820513,4465.12820512821,4264.61538461538,1688,1650,353.025,328.907653808594,0,0,0,0,0.1553963,0.2267015,0.3345551,0.278657,0.5885553,0,0,0,Thinking,87,100,100,0,1
1298529365576.58,2:36:05 PM,90,0,477,3968.20512820513,4519.48717948718,3774.8717948718,3876.92307692308,4124.10256410256,4492.30769230769,4306.66666666667,4071.28205128205,4340,4466.15384615385,3889.74358974359,4102.05128205128,4462.5641025641,4255.89743589744,1688,1650,353.038,329.032775878906,0,0,0,0,0.1553963,0.2267015,0.3345551,0.278657,0.5885553,0,0,0,Thinking,87,100,100,0,1
1298529365576.58,2:36:05 PM,91,0,462,3957.94871794872,4505.64102564103,3777.4358974359,3869.74358974359,4109.74358974359,4490.76923076923,4307.17948717949,4086.15384615385,4351.28205128205,4475.38461538462,3895.89743589744,4105.12820512821,4462.05128205128,4259.48717948718,1689,1649,353.04,329.032775878906,0,0,0,0,0.1553963,0.2267015,0.3345551,0.278657,0.5885553,0,0,0,Thinking,87,100,100,0,1
1298529365576.58,2:36:05 PM,92,0,324,3961.02564102564,4525.12820512821,3781.02564102564,3874.35897435898,4103.58974358974,4500.51282051282,4311.79487179487,4090.76923076923,4357.4358974359,4464.61538461538,3893.33333333333,4108.20512820513,4460.51282051282,4261.53846153846,1688,1650,353.048,329.032775878906,0,0,0,0,0.1553963,0.2267015,0.3345551,0.278657,0.5885553,0,0,0,Thinking,87,100,100,0,1
1298529365576.58,2:36:05 PM,93,0,292,3972.30769230769,4540,3780.51282051282,3872.82051282051,4128.20512820513,4506.15384615385,4312.30769230769,4078.97435897436,4349.23076923077,4459.48717948718,3900.51282051282,4111.28205128205,4474.35897435897,4269.74358974359,1688,1648,353.056,329.032775878906,0,0,0,0,0.1553963,0.2267015,0.3345551,0.278657,0.5885553,0,0,0,Thinking,87,100,100,0,1
1298529365576.58,2:36:05 PM,94,0,477,3975.89743589744,4523.07692307692,3780,3872.82051282051,4137.94871794872,4500.51282051282,4310.25641025641,4071.28205128205,4345.64102564103,4466.15384615385,3909.74358974359,4118.46153846154,4469.23076923077,4280,1687,1649,353.068,329.032775878906,0,0,0,0,0.1553963,0.2267015,0.3345551,0.278657,0.5885553,0,0,0,Thinking,87,100,100,0,1
1298529365576.58,2:36:05 PM,95,0,462,3965.64102564103,4515.38461538462,3782.05128205128,3883.58974358974,4121.53846153846,4496.41025641026,4314.35897435897,4081.02564102564,4349.23076923077,4463.58974358974,3898.46153846154,4117.4358974359,4442.05128205128,4272.30769230769,1688,1647,353.072,329.032775878906,0,0,0,0,0.1553963,0.2267015,0.3345551,0.278657,0.5885553,0,0,0,Thinking,87,100,100,0,1
1298529365576.58,2:36:05 PM,96,0,324,3957.94871794872,4534.8717948718,3781.53846153846,3892.30769230769,4113.84615384615,4501.53846153846,4315.89743589744,4078.97435897436,4340.51282051282,4455.89743589744,3890.25641025641,4107.17948717949,4432.30769230769,4254.8717948718,1685,1645,353.079,329.032775878906,0,0,0,0,0.1553963,0.2267015,0.3345551,0.278657,0.5885553,0,0,0,Thinking,87,100,100,0,1
1298529365576.58,2:36:05 PM,97,0,292,3959.48717948718,4531.79487179487,3777.94871794872,3886.15384615385,4114.8717948718,4503.58974358974,4309.74358974359,4065.12820512821,4321.53846153846,4449.74358974359,3900,4105.64102564103,4450.25641025641,4252.30769230769,1685,1644,353.087,329.032775878906,0,0,0,0,0.1553963,0.2267015,0.3345551,0.278657,0.5885553,0,0,0,Thinking,87,100,100,0,1
1298529365576.58,2:36:05 PM,98,0,477,3958.97435897436,4517.94871794872,3776.92307692308,3868.71794871795,4124.10256410256,4493.33333333333,4304.61538461538,4061.02564102564,4321.02564102564,4442.05128205128,3896.41025641026,4108.71794871795,4466.15384615385,4255.38461538462,1684,1641,353.099,329.032775878906,0,0,0,0,0.1553963,0.2267015,0.3345551,0.278657,0.5885553,0,0,0,Thinking,87,100,100,0,1
1298529365576.58,2:36:05 PM,99,0,462,3957.94871794872,4530.25641025641,3778.46153846154,3864.61538461539,4132.30769230769,4484.61538461538,4305.12820512821,4071.79487179487,4336.41025641026,4446.66666666667,3885.12820512821,4109.74358974359,4456.41025641026,4253.33333333333,1683,1640,353.103,329.032775878906,0,0,0,0,0.1553963,0.2267015,0.3345551,0.278657,0.5885553,0,0,0,Thinking,87,100,100,0,1
1298529365576.58,2:36:05 PM,100,0,324,3958.46153846154,4528.20512820513,3781.02564102564,3876.41025641026,4124.61538461538,4488.20512820513,4306.66666666667,4077.94871794872,4338.97435897436,4462.05128205128,3891.28205128205,4111.28205128205,4450.76923076923,4259.48717948718,1682,1636,353.11,329.032775878906,0,0,0,0,0.1553963,0.2267015,0.3345551,0.278657,0.5885553,0,0,0,Thinking,87,100,100,0,1
1298529365576.58,2:36:05 PM,101,0,292,3961.02564102564,4517.94871794872,3781.53846153846,3880,4118.46153846154,4491.28205128205,4306.15384615385,4074.35897435898,4332.82051282051,4463.07692307692,3895.89743589744,4114.35897435897,4470.25641025641,4269.23076923077,1682,1634,353.119,329.032775878906,0,0,0,0,0.1553963,0.2267015,0.3345551,0.278657,0.5885553,0,0,0,Thinking,87,100,100,0,1
1298529365576.58,2:36:05 PM,102,0,477,3967.69230769231,4542.05128205128,3781.53846153846,3875.38461538462,4120.51282051282,4488.71794871795,4306.66666666667,4074.35897435898,4334.35897435897,4457.94871794872,3887.17948717949,4114.8717948718,4478.97435897436,4263.58974358974,1681,1630,353.132,329.032775878906,0,0,0,0,0.1553963,0.2267015,0.3345551,0.278657,0.5885553,0,0,0,Thinking,87,100,100,0,1
1298529365576.58,2:36:05 PM,103,0,462,3975.38461538462,4543.07692307692,3782.05128205128,3878.46153846154,4131.79487179487,4497.4358974359,4308.71794871795,4081.53846153846,4337.94871794872,4464.10256410256,3889.74358974359,4114.8717948718,4461.53846153846,4262.5641025641,1680,1628,353.134,329.032775878906,0,0,0,0,0.1553963,0.2267015,0.3345551,0.278657,0.5885553,0,0,0,Thinking,87,100,100,0,1
1298529365576.58,2:36:05 PM,104,0,324,3976.41025641026,4528.20512820513,3784.61538461539,3881.02564102564,4132.82051282051,4501.53846153846,4309.23076923077,4090.25641025641,4344.61538461538,4471.79487179487,3902.5641025641,4116.92307692308,4469.74358974359,4277.94871794872,1681,1626,353.142,329.032775878906,0,0,0,0,0.1553963,0.2267015,0.3345551,0.278657,0.5885553,0,0,0,Thinking,87,100,100,0,1
1298529365576.58,2:36:05 PM,105,0,292,3978.46153846154,4549.23076923077,3784.61538461539,3880.51282051282,4116.41025641026,4488.71794871795,4306.66666666667,4083.07692307692,4343.58974358974,4463.58974358974,3895.89743589744,4117.4358974359,4490.76923076923,4276.92307692308,1680,1627,353.15,329.032775878906,0,0,0,0,0.1553963,0.2267015,0.3345551,0.278657,0.5885553,0,0,0,Thinking,87,100,100,0,1
