1298529233279.02,2:33:53 PM,23,0,0,3971.28205128205,4436.41025641026,3759.48717948718,3876.41025641026,4136.41025641026,4492.82051282051,4334.35897435897,4121.53846153846,4299.48717948718,4482.5641025641,4001.02564102564,4143.58974358974,4478.97435897436,4287.69230769231,1680,1628,220.364,196.293685913086,0,0,0,0,0.1874338,0.2811159,0.3333333,0.4486901,0.5522388,1,6, 897,Answering,100,100,100,0,1
1298529233279.02,2:33:53 PM,24,0,0,3972.30769230769,4428.71794871795,3761.53846153846,3878.97435897436,4131.28205128205,4489.23076923077,4338.97435897436,4139.48717948718,4325.64102564103,4515.89743589744,4015.89743589744,4146.66666666667,4509.23076923077,4292.30769230769,1679,1626,220.372,196.293685913086,0,0,0,0,0.1874338,0.2811159,0.3333333,0.4486901,0.5522388,1,6, 897,Answering,100,100,100,0,1
1298529233279.02,2:33:53 PM,25,0,0,3961.53846153846,4414.35897435897,3764.61538461539,3880.51282051282,4115.38461538462,4490.25641025641,4338.97435897436,4136.41025641026,4326.15384615385,4531.79487179487,4022.5641025641,4153.84615384615,4514.35897435897,4296.41025641026,1680,1627,220.384,196.293685913086,0,0,0,0,0.1874338,0.2811159,0.3333333,0.4486901,0.5522388,1,6, 897,Answering,100,100,100,0,1
1298529233279.02,2:33:53 PM,26,0,0,3953.84615384615,4399.48717948718,3763.58974358974,3876.92307692308,4098.46153846154,4496.41025641026,4340.51282051282,4122.05128205128,4303.07692307692,4505.12820512821,4019.48717948718,4156.92307692308,4491.79487179487,4296.92307692308,1681,1625,220.388,196.293685913086,0,0,0,0,0.1874338,0.2811159,0.3333333,0.4486901,0.5522388,1,6, 897,Answering,100,100,100,0,1
1298529233279.02,2:33:53 PM,27,0,0,3964.10256410256,4398.46153846154,3767.17948717949,3880,4103.58974358974,4492.30769230769,4340.51282051282,4128.71794871795,4289.23076923077,4483.58974358974,4027.17948717949,4160,4470.76923076923,4306.66666666667,1680,1624,220.396,196.293685913086,0,0,0,0,0.1874338,0.2811159,0.3333333,0.4486901,0.5522388,1,6, 897,Answering,100,100,100,0,1
1298529233279.02,2:33:53 PM,28,0,0,3972.30769230769,4404.61538461538,3771.28205128205,3886.15384615385,4109.74358974359,4484.10256410256,4339.48717948718,4143.58974358974,4302.5641025641,4490.76923076923,4032.30769230769,4163.58974358974,4477.4358974359,4312.82051282051,1680,1624,220.403,196.293685913086,0,0,0,0,0.1874338,0.2811159,0.3333333,0.4486901,0.5522388,1,6, 897,Answering,100,100,100,0,1
1298529233279.02,2:33:53 PM,29,0,0,3973.33333333333,4407.17948717949,3773.84615384615,3889.23076923077,4104.61538461538,4485.12820512821,4340,4143.07692307692,4323.07692307692,4506.15384615385,4029.23076923077,4167.17948717949,4501.53846153846,4311.79487179487,1680,1624,220.415,196.418792724609,0,0,0,0,0.1874338,0.2811159,0.3333333,0.4486901,0.5522388,1,6, 897,Answering,100,100,100,0,1
1298529233279.02,2:33:53 PM,30,0,0,3978.46153846154,4411.28205128205,3779.48717948718,3890.25641025641,4122.05128205128,4486.66666666667,4339.48717948718,4137.4358974359,4327.69230769231,4518.97435897436,4029.23076923077,4169.74358974359,4510.25641025641,4318.46153846154,1679,1625,220.419,196.418792724609,0,0,0,0,0.1874338,0.2811159,0.3333333,0.4486901,0.5522388,1,6, 897,Answering,100,100,100,0,1
1298529233279.02,2:33:53 PM,31,0,0,3980,4412.82051282051,3778.46153846154,3886.15384615385,4132.82051282051,4484.10256410256,4334.35897435897,4128.71794871795,4318.46153846154,4513.33333333333,4026.15384615385,4162.5641025641,4500.51282051282,4315.89743589744,1679,1624,220.427,196.418792724609,0,0,0,0,0.1874338,0.2811159,0.3333333,0.4486901,0.5522388,1,6, 897,Answering,100,100,100,0,1
1298529233279.02,2:33:53 PM,32,0,0,3969.74358974359,4417.4358974359,3769.23076923077,3875.38461538462,4105.64102564103,4489.23076923077,4332.82051282051,4114.35897435897,4305.64102564103,4495.89743589744,4017.94871794872,4153.33333333333,4487.17948717949,4296.92307692308,1679,1626,220.435,196.418792724609,0,0,0,0,0.1874338,0.2811159,0.3333333,0.4486901,0.5522388,1,6, 897,Answering,100,100,100,0,1
1298529233279.02,2:33:53 PM,33,0,0,3970.76923076923,4430.76923076923,3770.25641025641,3875.38461538462,4101.02564102564,4495.89743589744,4339.48717948718,4121.02564102564,4310.76923076923,4496.92307692308,4019.48717948718,4158.97435897436,4478.46153846154,4295.89743589744,1679,1624,220.447,196.418792724609,0,0,0,0,0.1874338,0.2811159,0.3333333,0.4486901,0.5522388,1,6, 897,Answering,100,100,100,0,1
1298529233279.02,2:33:53 PM,34,0,0,3975.38461538462,4426.15384615385,3774.35897435898,3883.58974358974,4125.64102564103,4487.69230769231,4340.51282051282,4136.41025641026,4328.20512820513,4506.66666666667,4026.15384615385,4161.53846153846,4484.10256410256,4302.05128205128,1678,1625,220.45,196.418792724609,0,0,0,0,0.1874338,0.2811159,0.3333333,0.4486901,0.5522388,1,6, 897,Answering,100,100,100,0,1
1298529233279.02,2:33:53 PM,35,0,0,3954.35897435898,4401.02564102564,3761.02564102564,3877.94871794872,4110.25641025641,4479.48717948718,4328.71794871795,4120.51282051282,4318.46153846154,4497.94871794872,4017.94871794872,4146.15384615385,4482.05128205128,4284.10256410256,1679,1624,220.458,196.418792724609,0,0,0,0,0.1874338,0.2811159,0.3333333,0.4486901,0.5522388,1,6, 897,Answering,100,100,100,0,1
1298529233279.02,2:33:53 PM,36,0,0,3933.84615384615,4398.46153846154,3749.74358974359,3870.25641025641,4089.74358974359,4488.20512820513,4328.20512820513,4105.64102564103,4297.94871794872,4484.10256410256,4009.74358974359,4135.89743589744,4466.15384615385,4272.82051282051,1679,1624,220.466,196.418792724609,0,0,0,0,0.1874338,0.2811159,0.3333333,0.4486901,0.5522388,1,6, 897,Answering,100,100,100,0,1
1298529233279.02,2:33:53 PM,37,0,0,3940,4423.58974358974,3756.41025641026,3872.30769230769,4126.66666666667,4501.53846153846,4345.12820512821,4126.15384615385,4309.74358974359,4487.17948717949,4013.33333333333,4139.48717948718,4470.76923076923,4284.61538461538,1679,1624,220.478,196.418792724609,0,0,0,0,0.1874338,0.2811159,0.3333333,0.4486901,0.5522388,1,6, 897,Answering,100,100,100,0,1
1298529233279.02,2:33:53 PM,38,0,0,3946.66666666667,4430.25641025641,3757.94871794872,3872.82051282051,4140,4494.35897435897,4346.15384615385,4144.10256410256,4336.41025641026,4498.97435897436,4016.41025641026,4142.05128205128,4481.53846153846,4284.10256410256,1679,1624,220.482,196.418792724609,0,0,0,0,0.1874338,0.2811159,0.3333333,0.4486901,0.5522388,1,6, 897,Answering,100,100,100,0,1
1298529233279.02,2:33:53 PM,39,0,0,3937.94871794872,4404.10256410256,3752.82051282051,3873.84615384615,4099.48717948718,4477.94871794872,4334.8717948718,4140,4342.05128205128,4506.66666666667,4016.92307692308,4138.46153846154,4469.74358974359,4271.79487179487,1680,1626,220.49,196.418792724609,0,0,0,0,0.1874338,0.2811159,0.3333333,0.4486901,0.5522388,1,6, 897,Answering,100,100,100,0,1
1298529233279.02,2:33:53 PM,40,0,0,3937.4358974359,4395.89743589744,3754.8717948718,3875.38461538462,4097.4358974359,4481.53846153846,4339.48717948718,4137.94871794872,4330.76923076923,4505.12820512821,4020,4137.94871794872,4462.05128205128,4275.89743589744,1680,1626,220.497,196.418792724609,0,0,0,0,0.1874338,0.2811159,0.3333333,0.4486901,0.5522388,1,6, 897,Answering,100,100,100,0,1
1298529233279.02,2:33:53 PM,41,0,0,3944.10256410256,4419.48717948718,3753.84615384615,3870.76923076923,4122.05128205128,4494.35897435897,4339.48717948718,4130.76923076923,4314.8717948718,4498.46153846154,4018.97435897436,4138.46153846154,4472.82051282051,4280,1680,1627,220.509,196.418792724609,0,0,0,0,0.1874338,0.2811159,0.3333333,0.4486901,0.5522388,1,6, 897,Answering,100,100,100,0,1
1298529233279.02,2:33:53 PM,42,0,0,3941.53846153846,4423.07692307692,3750.25641025641,3870.76923076923,4108.20512820513,4495.38461538462,4325.12820512821,4113.33333333333,4311.79487179487,4497.94871794872,4018.46153846154,4139.48717948718,4480,4273.84615384615,1679,1629,220.513,196.418792724609,0,0,0,0,0.1874338,0.2811159,0.3333333,0.4486901,0.5522388,1,6, 897,Answering,100,100,100,0,1
1298529233279.02,2:33:53 PM,43,0,0,3942.05128205128,4415.38461538462,3757.4358974359,3874.35897435898,4103.58974358974,4490.25641025641,4324.10256410256,4124.61538461538,4337.94871794872,4507.69230769231,4029.74358974359,4147.17948717949,4480,4283.07692307692,1679,1628,220.521,196.418792724609,0,0,0,0,0.1874338,0.2811159,0.3333333,0.4486901,0.5522388,1,6, 897,Answering,100,100,100,0,1
1298529233279.02,2:33:53 PM,44,0,0,3952.82051282051,4434.8717948718,3763.07692307692,3868.20512820513,4128.71794871795,4493.84615384615,4331.28205128205,4142.5641025641,4351.28205128205,4509.74358974359,4038.97435897436,4155.38461538462,4479.48717948718,4299.48717948718,1679,1628,220.529,196.418792724609,0,0,0,0,0.1874338,0.2811159,0.3333333,0.4486901,0.5522388,1,6, 897,Answering,100,100,100,0,1
1298529233279.02,2:33:53 PM,45,0,0,3958.46153846154,4450.76923076923,3756.92307692308,3864.10256410256,4126.15384615385,4488.71794871795,4323.58974358974,4122.5641025641,4323.58974358974,4496.92307692308,4030.76923076923,4151.79487179487,4480,4296.41025641026,1679,1629,220.542,196.543899536133,0,0,0,0,0.1874338,0.2811159,0.3333333,0.4486901,0.5522388,1,6, 897,Answering,100,100,100,0,1
1298529233279.02,2:33:53 PM,46,0,0,3957.4358974359,4434.35897435897,3757.4358974359,3875.38461538462,4110.76923076923,4476.41025641026,4316.92307692308,4105.12820512821,4309.23076923077,4493.84615384615,4020.51282051282,4146.66666666667,4487.17948717949,4288.20512820513,1678,1629,220.544,196.543899536133,0,0,0,0,0.1874338,0.2811159,0.3333333,0.4486901,0.5522388,1,6, 897,Answering,100,100,100,0,1
1298529233279.02,2:33:53 PM,47,0,0,3955.89743589744,4424.10256410256,3763.58974358974,3882.05128205128,4111.28205128205,4481.53846153846,4324.10256410256,4122.5641025641,4334.35897435897,4508.20512820513,4023.58974358974,4150.76923076923,4491.79487179487,4289.74358974359,1678,1630,220.552,196.543899536133,0,0,0,0,0.1874338,0.2811159,0.3333333,0.4486901,0.5522388,1,6, 897,Answering,100,100,100,0,1
1298529233279.02,2:33:53 PM,48,0,0,3959.48717948718,4437.94871794872,3764.10256410256,3878.46153846154,4105.12820512821,4494.35897435897,4328.20512820513,4129.74358974359,4346.66666666667,4511.28205128205,4033.33333333333,4157.94871794872,4480.51282051282,4293.84615384615,1677,1631,220.56,196.543899536133,0,0,0,0,0.1874338,0.2811159,0.3333333,0.4486901,0.5522388,1,6, 897,Answering,100,100,100,0,1
1298529233279.02,2:33:53 PM,49,0,0,3969.23076923077,4450.25641025641,3765.12820512821,3876.41025641026,4117.4358974359,4496.92307692308,4329.23076923077,4117.94871794872,4332.82051282051,4500.51282051282,4036.41025641026,4163.07692307692,4470.76923076923,4300,1677,1632,220.573,196.543899536133,0,0,0,0,0.1874338,0.2811159,0.3333333,0.4486901,0.5522388,1,6, 897,Answering,100,100,100,0,1
1298529233279.02,2:33:53 PM,50,0,0,3973.33333333333,4452.82051282051,3768.71794871795,3875.89743589744,4143.58974358974,4492.30769230769,4334.8717948718,4124.10256410256,4336.41025641026,4505.12820512821,4031.79487179487,4162.5641025641,4486.15384615385,4303.58974358974,1677,1631,220.575,196.543899536133,0,0,0,0,0.1874338,0.2811159,0.3333333,0.4486901,0.5522388,1,6, 897,Answering,100,100,100,0,1
1298529233279.02,2:33:53 PM,51,0,0,3961.53846153846,4443.58974358974,3763.07692307692,3872.82051282051,4135.89743589744,4491.28205128205,4332.30769230769,4132.82051282051,4352.82051282051,4520,4028.71794871795,4154.8717948718,4508.20512820513,4296.41025641026,1677,1632,220.583,196.543899536133,0,0,0,0,0.1874338,0.2811159,0.3333333,0.4486901,0.5522388,1,6, 897,Answering,100,100,100,0,1
1298529233279.02,2:33:53 PM,52,0,0,3943.07692307692,4427.17948717949,3753.33333333333,3868.20512820513,4111.79487179487,4497.94871794872,4325.64102564103,4124.10256410256,4346.66666666667,4517.94871794872,4026.66666666667,4148.20512820513,4493.84615384615,4292.82051282051,1677,1630,220.591,196.543899536133,0,0,0,0,0.1874338,0.2811159,0.3333333,0.4486901,0.5522388,1,6, 897,Answering,100,100,100,0,1
1298529233279.02,2:33:53 PM,53,0,0,3941.53846153846,4424.61538461538,3753.84615384615,3867.69230769231,4120,4500.51282051282,4329.74358974359,4119.48717948718,4329.74358974359,4505.64102564103,4026.15384615385,4147.69230769231,4470.76923076923,4293.33333333333,1677,1631,220.603,196.543899536133,0,0,0,0,0.1874338,0.2811159,0.3333333,0.4486901,0.5522388,1,6, 897,Answering,100,100,100,0,1
1298529233279.02,2:33:53 PM,54,0,0,3948.71794871795,4426.15384615385,3757.94871794872,3871.28205128205,4136.92307692308,4494.35897435897,4335.38461538462,4123.07692307692,4325.12820512821,4502.5641025641,4027.69230769231,4149.74358974359,4477.4358974359,4287.17948717949,1677,1631,220.607,196.543899536133,0,0,0,0,0.1874338,0.2811159,0.3333333,0.4486901,0.5522388,1,6, 897,Answering,100,100,100,0,1
1298529233279.02,2:33:53 PM,55,0,0,3945.12820512821,4408.71794871795,3758.97435897436,3875.38461538462,4124.61538461538,4490.25641025641,4332.82051282051,4126.15384615385,4335.89743589744,4508.71794871795,4027.17948717949,4149.74358974359,4478.46153846154,4280,1676,1630,220.615,196.543899536133,0,0,0,0,0.1874338,0.2811159,0.3333333,0.4486901,0.5522388,1,6, 897,Answering,100,100,100,0,1
1298529233279.02,2:33:53 PM,56,0,0,3937.94871794872,4402.5641025641,3755.89743589744,3874.35897435898,4111.28205128205,4495.38461538462,4329.74358974359,4126.15384615385,4343.58974358974,4509.23076923077,4025.64102564103,4148.20512820513,4460,4276.41025641026,1677,1629,220.622,196.543899536133,0,0,0,0,0.1874338,0.2811159,0.3333333,0.4486901,0.5522388,1,6, 897,Answering,100,100,100,0,1
1298529233279.02,2:33:53 PM,57,0,0,3939.48717948718,4427.17948717949,3751.79487179487,3868.20512820513,4113.33333333333,4494.8717948718,4329.74358974359,4123.58974358974,4342.05128205128,4495.89743589744,4021.53846153846,4144.61538461538,4464.10256410256,4270.76923076923,1677,1631,220.634,196.543899536133,0,0,0,0,0.1874338,0.2811159,0.3333333,0.4486901,0.5522388,1,6, 897,Answering,100,100,100,0,1
1298529233279.02,2:33:53 PM,58,0,0,3942.05128205128,4434.35897435897,3752.82051282051,3868.71794871795,4113.33333333333,4492.82051282051,4330.25641025641,4119.48717948718,4341.02564102564,4496.92307692308,4016.41025641026,4143.07692307692,4477.94871794872,4271.79487179487,1677,1631,220.638,196.543899536133,0,0,0,0,0.1874338,0.2811159,0.3333333,0.4486901,0.5522388,1,6, 897,Answering,100,100,100,0,1
1298529233279.02,2:33:53 PM,59,0,0,3948.20512820513,4419.48717948718,3761.02564102564,3879.48717948718,4119.48717948718,4495.89743589744,4332.30769230769,4124.10256410256,4344.61538461538,4521.02564102564,4023.07692307692,4151.28205128205,4483.58974358974,4286.66666666667,1676,1631,220.646,196.543899536133,0,0,0,0,0.1874338,0.2811159,0.3333333,0.4486901,0.5522388,1,6, 897,Answering,100,100,100,0,1
1298529233279.02,2:33:53 PM,60,0,0,3961.53846153846,4435.38461538462,3764.10256410256,3878.97435897436,4144.61538461538,4493.84615384615,4332.30769230769,4126.15384615385,4338.46153846154,4525.64102564103,4028.71794871795,4154.35897435897,4491.79487179487,4293.84615384615,1676,1631,220.654,196.543899536133,0,0,0,0,0.1874338,0.2811159,0.3333333,0.4486901,0.5522388,1,6, 897,Answering,100,100,100,0,1
1298529233279.02,2:33:53 PM,61,0,0,3954.8717948718,4451.79487179487,3755.38461538462,3871.28205128205,4136.41025641026,4487.17948717949,4325.12820512821,4111.28205128205,4328.71794871795,4494.8717948718,4017.94871794872,4142.05128205128,4476.41025641026,4280.51282051282,1677,1630,220.666,196.669006347656,0,0,0,0,0.1874338,0.2811159,0.3333333,0.4486901,0.5522388,1,6, 897,Answering,100,100,100,0,1
1298529233279.02,2:33:53 PM,62,0,0,3944.10256410256,4435.89743589744,3752.30769230769,3874.35897435898,4101.02564102564,4488.20512820513,4318.97435897436,4107.69230769231,4329.74358974359,4475.89743589744,4022.05128205128,4138.97435897436,4446.66666666667,4273.33333333333,1676,1631,220.669,196.669006347656,0,0,0,0,0.1874338,0.2811159,0.3333333,0.4486901,0.5522388,1,6, 897,Answering,100,100,100,0,1
1298529233279.02,2:33:53 PM,63,0,0,3953.33333333333,4430.25641025641,3760.51282051282,3876.41025641026,4109.23076923077,4490.76923076923,4322.05128205128,4122.05128205128,4340,4489.23076923077,4038.46153846154,4150.25641025641,4464.10256410256,4281.02564102564,1676,1630,220.677,196.669006347656,0,0,0,0,0.1874338,0.2811159,0.3333333,0.4486901,0.5522388,1,6, 897,Answering,100,100,100,0,1
1298529233279.02,2:33:53 PM,64,0,362,3960,4443.58974358974,3763.07692307692,3871.28205128205,4133.33333333333,4486.15384615385,4329.23076923077,4129.74358974359,4353.33333333333,4509.23076923077,4027.69230769231,4148.20512820513,4503.58974358974,4283.07692307692,1675,1631,220.685,196.669006347656,0,0,0,0,0.1874338,0.2811159,0.3333333,0.4486901,0.5522388,1,6, 897,Answering,100,100,100,0,1
1298529233279.02,2:33:53 PM,65,0,174,3952.82051282051,4444.10256410256,3758.46153846154,3870.76923076923,4125.12820512821,4483.58974358974,4328.71794871795,4133.33333333333,4350.25641025641,4512.30769230769,4015.38461538462,4141.53846153846,4490.25641025641,4277.94871794872,1675,1632,220.697,196.700286865234,0,0,0,0,0.1874338,0.2811159,0.3333333,0.4486901,0.5522388,1,6, 897,Answering,100,100,100,0,1
1298529233279.02,2:33:53 PM,66,0,524,3950.25641025641,4434.8717948718,3757.94871794872,3872.82051282051,4118.46153846154,4483.07692307692,4317.4358974359,4134.8717948718,4342.05128205128,4498.46153846154,4024.61538461539,4148.20512820513,4463.07692307692,4280,1673,1632,220.701,196.700286865234,0,0,0,0,0.1874338,0.2811159,0.3333333,0.4486901,0.5522388,1,6, 897,Answering,100,100,100,0,1
1298529233279.02,2:33:53 PM,67,0,492,3956.92307692308,4435.38461538462,3758.97435897436,3871.79487179487,4124.10256410256,4481.02564102564,4314.35897435897,4125.64102564103,4354.35897435897,4494.8717948718,4025.12820512821,4153.33333333333,4484.61538461538,4282.5641025641,1673,1633,220.708,196.700286865234,0,0,0,0,0.1874338,0.2811159,0.3333333,0.4486901,0.5522388,1,6, 897,Answering,100,100,100,0,1
1298529233279.02,2:33:53 PM,68,0,539,3955.38461538462,4435.38461538462,3758.46153846154,3870.25641025641,4119.48717948718,4487.17948717949,4328.71794871795,4122.5641025641,4357.4358974359,4502.05128205128,4016.41025641026,4149.23076923077,4499.48717948718,4280,1671,1633,220.716,196.700286865234,0,0,0,0,0.1874338,0.2811159,0.3333333,0.4486901,0.5522388,1,6, 897,Answering,100,100,100,0,1
1298529233279.02,2:33:53 PM,69,0,497,3946.15384615385,4426.15384615385,3760,3872.30769230769,4120,4492.30769230769,4330.76923076923,4126.66666666667,4337.94871794872,4503.58974358974,4020,4149.23076923077,4465.64102564103,4278.97435897436,1672,1633,220.728,196.700286865234,0,0,0,0,0.1874338,0.2811159,0.3333333,0.4486901,0.5522388,1,6, 897,Answering,100,100,100,0,1
1298529233279.02,2:33:53 PM,70,0,531,3941.02564102564,4406.15384615385,3760,3876.41025641026,4111.28205128205,4487.17948717949,4315.89743589744,4120,4338.46153846154,4496.92307692308,4024.10256410256,4151.79487179487,4448.20512820513,4278.97435897436,1672,1632,220.732,196.700286865234,0,0,0,0,0.1874338,0.2811159,0.3333333,0.4486901,0.5522388,1,6, 897,Answering,100,100,100,0,1
1298529233279.02,2:33:53 PM,71,0,494,3943.07692307692,4401.02564102564,3756.92307692308,3873.33333333333,4092.82051282051,4488.20512820513,4320.51282051282,4121.02564102564,4355.89743589744,4487.17948717949,4020,4148.20512820513,4475.89743589744,4278.46153846154,1671,1632,220.74,196.700286865234,0,0,0,0,0.1874338,0.2811159,0.3333333,0.4486901,0.5522388,1,6, 897,Answering,100,100,100,0,1
1298529233279.02,2:33:53 PM,72,0,393,3943.58974358974,4419.48717948718,3756.92307692308,3866.66666666667,4110.25641025641,4487.69230769231,4328.20512820513,4123.58974358974,4350.76923076923,4482.05128205128,4016.41025641026,4144.10256410256,4479.48717948718,4276.92307692308,1672,1632,220.748,196.700286865234,0,0,0,0,0.1874338,0.2811159,0.3333333,0.4486901,0.5522388,1,6, 897,Answering,100,100,100,0,1
1298529233279.02,2:33:53 PM,73,0,445,3941.02564102564,4430.76923076923,3760.51282051282,3868.20512820513,4129.23076923077,4478.46153846154,4313.84615384615,4113.84615384615,4337.94871794872,4496.41025641026,4018.46153846154,4148.20512820513,4456.41025641026,4276.92307692308,1673,1634,220.762,196.700286865234,0,0,0,0,0.1874338,0.2811159,0.3333333,0.4486901,0.5522388,1,6, 897,Answering,100,100,100,0,1
1298529233279.02,2:33:53 PM,74,0,476,3943.07692307692,4432.30769230769,3764.10256410256,3873.33333333333,4117.94871794872,4477.4358974359,4308.20512820513,4113.84615384615,4338.97435897436,4515.38461538462,4023.07692307692,4153.84615384615,4468.71794871795,4279.48717948718,1675,1635,220.763,196.700286865234,0,0,0,0,0.1874338,0.2811159,0.3333333,0.4486901,0.5522388,1,6, 897,Answering,100,100,100,0,1
1298529233279.02,2:33:53 PM,75,0,461,3944.10256410256,4427.69230769231,3758.46153846154,3872.30769230769,4116.41025641026,4484.61538461538,4317.4358974359,4121.53846153846,4343.07692307692,4501.02564102564,4018.97435897436,4150.25641025641,4498.46153846154,4277.94871794872,1675,1635,220.771,196.700286865234,0,0,0,0,0.1874338,0.2811159,0.3333333,0.4486901,0.5522388,1,6, 897,Answering,100,100,100,0,1
1298529233279.02,2:33:53 PM,76,0,329,3943.58974358974,4421.02564102564,3750.76923076923,3870.25641025641,4125.64102564103,4482.05128205128,4316.41025641026,4118.97435897436,4345.12820512821,4481.53846153846,4011.28205128205,4146.66666666667,4490.25641025641,4275.38461538462,1678,1634,220.779,196.700286865234,0,0,0,0,0.1874338,0.2811159,0.3333333,0.4486901,0.5522388,1,6, 897,Answering,100,100,100,0,1
1298529233279.02,2:33:53 PM,77,0,299,3945.12820512821,4428.20512820513,3751.79487179487,3870.76923076923,4114.35897435897,4473.33333333333,4314.8717948718,4120,4343.07692307692,4489.23076923077,4013.84615384615,4150.25641025641,4470.25641025641,4276.41025641026,1677,1631,220.791,196.794128417969,0,0,0,0,0.1874338,0.2811159,0.3333333,0.4486901,0.5522388,1,6, 897,Answering,100,100,100,0,1
1298529233279.02,2:33:53 PM,78,0,476,3944.10256410256,4436.41025641026,3756.41025641026,3871.28205128205,4106.66666666667,4477.94871794872,4323.58974358974,4125.12820512821,4338.46153846154,4496.41025641026,4020,4154.35897435897,4475.89743589744,4281.02564102564,1679,1631,220.794,196.794128417969,0,0,0,0,0.1874338,0.2811159,0.3333333,0.4486901,0.5522388,1,6, 897,Answering,100,100,100,0,1
1298529233279.02,2:33:53 PM,79,0,461,3935.38461538462,4418.46153846154,3751.79487179487,3872.30769230769,4110.76923076923,4488.71794871795,4322.05128205128,4115.89743589744,4336.41025641026,4487.17948717949,4017.4358974359,4152.30769230769,4470.76923076923,4278.97435897436,1679,1630,220.802,196.794128417969,0,0,0,0,0.1874338,0.2811159,0.3333333,0.4486901,0.5522388,1,6, 897,Answering,100,100,100,0,1
1298529233279.02,2:33:53 PM,80,0,329,3932.30769230769,4410.25641025641,3752.82051282051,3875.89743589744,4104.10256410256,4481.02564102564,4315.38461538462,4120,4347.17948717949,4493.33333333333,4017.94871794872,4152.30769230769,4464.10256410256,4278.46153846154,1679,1631,220.81,196.794128417969,0,0,0,0,0.1874338,0.2811159,0.3333333,0.4486901,0.5522388,1,6, 897,Answering,100,100,100,0,1
1298529233279.02,2:33:53 PM,81,0,299,3945.64102564103,4438.46153846154,3760,3878.46153846154,4100,4466.66666666667,4315.89743589744,4127.17948717949,4352.82051282051,4508.71794871795,4028.20512820513,4155.89743589744,4478.97435897436,4282.05128205128,1680,1631,220.822,196.794128417969,0,0,0,0,0.1874338,0.2811159,0.3333333,0.4486901,0.5522388,1,6, 897,Answering,100,100,100,0,1
1298529233279.02,2:33:53 PM,82,0,476,3945.12820512821,4445.12820512821,3755.89743589744,3879.48717948718,4099.48717948718,4478.97435897436,4316.41025641026,4106.15384615385,4333.84615384615,4494.8717948718,4025.64102564103,4151.28205128205,4475.89743589744,4273.33333333333,1680,1631,220.826,196.794128417969,0,0,0,0,0.1874338,0.2811159,0.3333333,0.4486901,0.5522388,1,6, 897,Answering,100,100,100,0,1
1298529233279.02,2:33:53 PM,83,0,461,3936.41025641026,4438.46153846154,3752.82051282051,3881.53846153846,4104.61538461538,4492.30769230769,4318.97435897436,4097.94871794872,4328.20512820513,4483.58974358974,4019.48717948718,4149.74358974359,4471.28205128205,4270.76923076923,1681,1629,220.834,196.794128417969,0,0,0,0,0.1874338,0.2811159,0.3333333,0.4486901,0.5522388,1,6, 897,Answering,100,100,100,0,1
1298529233279.02,2:33:53 PM,84,0,329,3948.20512820513,4450.25641025641,3757.94871794872,3882.05128205128,4115.38461538462,4481.02564102564,4321.53846153846,4109.74358974359,4342.05128205128,4493.84615384615,4024.61538461539,4156.41025641026,4490.25641025641,4284.10256410256,1681,1628,220.841,196.794128417969,0,0,0,0,0.1874338,0.2811159,0.3333333,0.4486901,0.5522388,1,6, 897,Answering,100,100,100,0,1
1298529233782.05,2:33:53 PM,85,0,299,3959.48717948718,4452.82051282051,3758.97435897436,3883.07692307692,4110.76923076923,4470.25641025641,4321.02564102564,4112.30769230769,4342.05128205128,4488.71794871795,4023.07692307692,4156.41025641026,4492.30769230769,4286.66666666667,1681,1627,220.854,196.794128417969,0,0,0,0,0.1903581,0.3316163,0.3333333,0.436216,0.5522388,1,6, 897,Answering,100,100,100,0,1
1298529233782.05,2:33:53 PM,86,0,476,3948.71794871795,4446.15384615385,3756.92307692308,3884.10256410256,4109.23076923077,4469.74358974359,4320,4118.46153846154,4345.64102564103,4478.46153846154,4014.35897435898,4149.23076923077,4476.41025641026,4277.94871794872,1680,1627,220.857,196.794128417969,0,0,0,0,0.1903581,0.3316163,0.3333333,0.436216,0.5522388,1,6, 897,Answering,100,100,100,0,1
1298529233782.05,2:33:53 PM,87,0,461,3940,4447.17948717949,3757.4358974359,3880.51282051282,4127.69230769231,4484.10256410256,4316.41025641026,4116.92307692308,4353.33333333333,4485.12820512821,4016.92307692308,4145.12820512821,4470.76923076923,4275.89743589744,1680,1626,220.865,196.794128417969,0,0,0,0,0.1903581,0.3316163,0.3333333,0.436216,0.5522388,1,6, 897,Answering,100,100,100,0,1
1298529233782.05,2:33:53 PM,88,0,329,3944.10256410256,4437.94871794872,3753.84615384615,3882.5641025641,4140.51282051282,4495.89743589744,4314.8717948718,4097.4358974359,4339.48717948718,4484.10256410256,4023.58974358974,4142.5641025641,4469.74358974359,4277.94871794872,1679,1626,220.873,196.794128417969,0,0,0,0,0.1903581,0.3316163,0.3333333,0.436216,0.5522388,1,6, 897,Answering,100,100,100,0,1
1298529233782.05,2:33:53 PM,89,0,299,3942.05128205128,4432.30769230769,3753.33333333333,3886.15384615385,4111.79487179487,4472.30769230769,4319.48717948718,4101.02564102564,4333.84615384615,4468.71794871795,4020,4142.5641025641,4475.89743589744,4276.92307692308,1679,1629,220.886,196.794128417969,0,0,0,0,0.1903581,0.3316163,0.3333333,0.436216,0.5522388,1,6, 897,Answering,100,100,100,0,1
1298529233782.05,2:33:53 PM,90,0,476,3943.07692307692,4445.64102564103,3766.15384615385,3888.71794871795,4075.89743589744,4456.41025641026,4326.15384615385,4127.69230769231,4361.02564102564,4475.89743589744,4013.84615384615,4150.25641025641,4494.35897435897,4283.07692307692,1679,1628,220.888,196.794128417969,0,0,0,0,0.1903581,0.3316163,0.3333333,0.436216,0.5522388,1,6, 897,Answering,100,100,100,0,1
1298529233782.05,2:33:53 PM,91,0,461,3961.02564102564,4444.61538461538,3774.8717948718,3894.8717948718,4089.23076923077,4482.05128205128,4333.84615384615,4135.89743589744,4379.48717948718,4505.12820512821,4020.51282051282,4157.94871794872,4505.64102564103,4295.89743589744,1678,1630,220.896,196.794128417969,0,0,0,0,0.1903581,0.3316163,0.3333333,0.436216,0.5522388,1,6, 897,Answering,100,100,100,0,1
1298529233782.05,2:33:53 PM,92,0,329,3972.30769230769,4441.02564102564,3768.20512820513,3891.79487179487,4126.66666666667,4487.69230769231,4336.92307692308,4134.8717948718,4385.64102564103,4513.84615384615,4036.41025641026,4160.51282051282,4498.97435897436,4303.58974358974,1679,1630,220.904,196.794128417969,0,0,0,0,0.1903581,0.3316163,0.3333333,0.436216,0.5522388,1,6, 897,Answering,100,100,100,0,1
1298529233782.05,2:33:53 PM,93,0,299,3955.38461538462,4450.76923076923,3757.4358974359,3875.38461538462,4131.28205128205,4465.64102564103,4320.51282051282,4118.46153846154,4375.38461538462,4489.23076923077,4033.84615384615,4151.79487179487,4475.89743589744,4287.69230769231,1678,1631,220.916,196.919235229492,0,0,0,0,0.1903581,0.3316163,0.3333333,0.436216,0.5522388,1,6, 897,Answering,100,100,100,0,1
1298529233782.05,2:33:53 PM,94,0,476,3936.41025641026,4449.23076923077,3755.38461538462,3873.84615384615,4108.20512820513,4467.17948717949,4307.17948717949,4091.79487179487,4341.53846153846,4471.28205128205,4015.89743589744,4141.02564102564,4464.61538461538,4270.76923076923,1679,1631,220.92,196.919235229492,0,0,0,0,0.1903581,0.3316163,0.3333333,0.436216,0.5522388,1,6, 897,Answering,100,100,100,0,1
1298529233782.05,2:33:53 PM,95,0,461,3943.58974358974,4443.58974358974,3763.07692307692,3888.71794871795,4108.71794871795,4480,4317.4358974359,4095.38461538462,4330.25641025641,4473.33333333333,4017.4358974359,4145.64102564103,4485.12820512821,4284.10256410256,1680,1630,220.927,196.919235229492,0,0,0,0,0.1903581,0.3316163,0.3333333,0.436216,0.5522388,1,6, 897,Answering,100,100,100,0,1
1298529233782.05,2:33:53 PM,96,0,329,3957.4358974359,4458.97435897436,3767.69230769231,3894.35897435898,4125.64102564103,4477.94871794872,4327.17948717949,4109.23076923077,4350.76923076923,4475.38461538462,4030.76923076923,4156.41025641026,4499.48717948718,4300,1680,1629,220.935,196.919235229492,0,0,0,0,0.1903581,0.3316163,0.3333333,0.436216,0.5522388,1,6, 897,Answering,100,100,100,0,1
1298529233782.05,2:33:53 PM,97,0,299,3960,4475.38461538462,3767.17948717949,3892.82051282051,4125.12820512821,4468.71794871795,4325.12820512821,4111.79487179487,4362.5641025641,4485.12820512821,4027.69230769231,4158.46153846154,4489.23076923077,4298.46153846154,1680,1628,220.947,196.919235229492,0,0,0,0,0.1903581,0.3316163,0.3333333,0.436216,0.5522388,1,6, 897,Answering,100,100,100,0,1
1298529233782.05,2:33:53 PM,98,0,476,3956.41025641026,4463.58974358974,3762.5641025641,3894.35897435898,4097.4358974359,4458.97435897436,4318.46153846154,4108.71794871795,4355.38461538462,4488.20512820513,4016.41025641026,4151.79487179487,4489.23076923077,4291.28205128205,1683,1627,220.951,196.919235229492,0,0,0,0,0.1903581,0.3316163,0.3333333,0.436216,0.5522388,1,6, 897,Answering,100,100,100,0,1
1298529233782.05,2:33:53 PM,99,0,461,3950.76923076923,4450.76923076923,3761.53846153846,3894.8717948718,4084.61538461539,4463.07692307692,4315.38461538462,4103.07692307692,4354.8717948718,4471.79487179487,4013.84615384615,4150.25641025641,4500.51282051282,4286.66666666667,1684,1626,220.959,196.919235229492,0,0,0,0,0.1903581,0.3316163,0.3333333,0.436216,0.5522388,1,6, 897,Answering,100,100,100,0,1
1298529233782.05,2:33:53 PM,100,0,329,3946.15384615385,4456.92307692308,3762.5641025641,3893.33333333333,4121.53846153846,4485.64102564103,4318.46153846154,4100,4360.51282051282,4478.97435897436,4022.05128205128,4155.38461538462,4485.12820512821,4282.05128205128,1684,1625,220.967,196.919235229492,0,0,0,0,0.1903581,0.3316163,0.3333333,0.436216,0.5522388,1,6, 897,Answering,100,100,100,0,1
1298529233782.05,2:33:53 PM,101,0,299,3947.69230769231,4467.17948717949,3762.5641025641,3897.4358974359,4147.17948717949,4497.4358974359,4320,4102.5641025641,4357.4358974359,4498.97435897436,4032.82051282051,4160,4460,4286.66666666667,1683,1626,220.981,196.919235229492,0,0,0,0,0.1903581,0.3316163,0.3333333,0.436216,0.5522388,1,6, 897,Answering,100,100,100,0,1
1298529233782.05,2:33:53 PM,102,0,476,3957.4358974359,4474.8717948718,3764.61538461539,3901.02564102564,4137.94871794872,4486.66666666667,4314.35897435897,4104.61538461538,4352.82051282051,4485.12820512821,4030.76923076923,4163.07692307692,4476.92307692308,4298.97435897436,1684,1624,220.982,196.919235229492,0,0,0,0,0.1903581,0.3316163,0.3333333,0.436216,0.5522388,1,6, 897,Answering,100,100,100,0,1
1298529233782.05,2:33:53 PM,103,0,461,3970.25641025641,4485.12820512821,3768.20512820513,3902.5641025641,4123.07692307692,4462.05128205128,4316.41025641026,4109.74358974359,4360.51282051282,4477.4358974359,4022.05128205128,4165.12820512821,4509.23076923077,4302.05128205128,1684,1622,220.99,196.919235229492,0,0,0,0,0.1903581,0.3316163,0.3333333,0.436216,0.5522388,1,6, 897,Answering,100,100,100,0,1
1298529233782.05,2:33:53 PM,104,0,329,3970.25641025641,4486.66666666667,3769.74358974359,3906.66666666667,4117.94871794872,4450.25641025641,4326.15384615385,4124.10256410256,4372.82051282051,4489.74358974359,4025.12820512821,4164.61538461538,4513.84615384615,4295.38461538462,1684,1620,220.998,196.919235229492,0,0,0,0,0.1903581,0.3316163,0.3333333,0.436216,0.5522388,1,6, 897,Answering,100,100,100,0,1
1298529233782.05,2:33:53 PM,105,0,299,3962.5641025641,4486.15384615385,3769.23076923077,3910.25641025641,4124.10256410256,4468.71794871795,4328.71794871795,4122.5641025641,4376.41025641026,4487.69230769231,4035.38461538462,4162.05128205128,4506.15384615385,4295.89743589744,1683,1619,221.01,196.919235229492,0,0,0,0,0.1903581,0.3316163,0.3333333,0.436216,0.5522388,1,6, 897,Answering,100,100,100,0,1
1298529233782.05,2:33:53 PM,106,0,476,3955.89743589744,4482.05128205128,3765.64102564103,3913.84615384615,4117.94871794872,4482.05128205128,4325.64102564103,4102.5641025641,4365.12820512821,4475.89743589744,4038.97435897436,4158.46153846154,4477.94871794872,4296.41025641026,1684,1616,221.013,196.919235229492,0,0,0,0,0.1903581,0.3316163,0.3333333,0.436216,0.5522388,1,6, 897,Answering,100,100,100,0,1
1298529233782.05,2:33:53 PM,107,0,461,3946.15384615385,4462.5641025641,3762.5641025641,3914.35897435898,4100,4481.53846153846,4325.64102564103,4096.41025641026,4351.79487179487,4483.58974358974,4029.74358974359,4156.41025641026,4450.25641025641,4285.12820512821,1682,1612,221.021,196.919235229492,0,0,0,0,0.1903581,0.3316163,0.3333333,0.436216,0.5522388,1,6, 897,Answering,100,100,100,0,1
1298529233782.05,2:33:53 PM,108,0,329,3951.79487179487,4467.17948717949,3768.71794871795,3914.35897435898,4117.4358974359,4492.82051282051,4333.33333333333,4114.8717948718,4367.17948717949,4500,4020.51282051282,4161.02564102564,4478.46153846154,4286.66666666667,1683,1613,221.029,196.919235229492,0,0,0,0,0.1903581,0.3316163,0.3333333,0.436216,0.5522388,1,6, 897,Answering,100,100,100,0,1
1298529233782.05,2:33:53 PM,109,0,299,3973.84615384615,4498.97435897436,3776.41025641026,3916.92307692308,4158.97435897436,4501.53846153846,4340.51282051282,4132.30769230769,4389.23076923077,4504.10256410256,4024.61538461539,4168.20512820513,4518.97435897436,4306.15384615385,1682,1614,221.041,197.044342041016,0,0,0,0,0.1903581,0.3316163,0.3333333,0.436216,0.5522388,1,6, 897,Answering,100,100,100,0,1
1298529233782.05,2:33:53 PM,110,0,476,3980.51282051282,4502.5641025641,3774.35897435898,3922.05128205128,4166.66666666667,4490.76923076923,4340,4133.84615384615,4376.92307692308,4497.94871794872,4032.30769230769,4169.23076923077,4518.97435897436,4312.30769230769,1681,1619,221.045,197.044342041016,0,0,0,0,0.1903581,0.3316163,0.3333333,0.436216,0.5522388,1,6, 897,Answering,100,100,100,0,1
1298529233782.05,2:33:53 PM,111,0,461,3968.20512820513,4480.51282051282,3773.33333333333,3927.17948717949,4148.20512820513,4483.07692307692,4338.46153846154,4137.4358974359,4367.69230769231,4492.30769230769,4030.76923076923,4167.17948717949,4510.76923076923,4305.64102564103,1682,1624,221.052,197.044342041016,0,0,0,0,0.1903581,0.3316163,0.3333333,0.436216,0.5522388,1,6, 897,Answering,100,100,100,0,1
1298529233782.05,2:33:53 PM,112,0,329,3968.20512820513,4474.8717948718,3777.94871794872,3933.33333333333,4142.5641025641,4496.41025641026,4346.66666666667,4141.53846153846,4384.10256410256,4501.02564102564,4035.38461538462,4171.28205128205,4514.35897435897,4308.20512820513,1681,1629,221.06,197.044342041016,0,0,0,0,0.1903581,0.3316163,0.3333333,0.436216,0.5522388,1,6, 897,Answering,100,100,100,0,1
1298529233782.05,2:33:53 PM,113,0,299,3973.84615384615,4488.20512820513,3774.8717948718,3934.35897435898,4153.33333333333,4502.05128205128,4348.71794871795,4131.28205128205,4382.5641025641,4513.33333333333,4044.10256410256,4173.33333333333,4504.10256410256,4310.25641025641,1681,1631,221.072,197.044342041016,0,0,0,0,0.1903581,0.3316163,0.3333333,0.436216,0.5522388,1,6, 897,Answering,100,100,100,0,1
1298529233782.05,2:33:53 PM,114,0,476,3966.66666666667,4500.51282051282,3766.66666666667,3928.20512820513,4165.12820512821,4482.05128205128,4328.71794871795,4115.38461538462,4365.64102564103,4512.82051282051,4038.46153846154,4162.05128205128,4485.64102564103,4294.8717948718,1681,1633,221.076,197.044342041016,0,0,0,0,0.1903581,0.3316163,0.3333333,0.436216,0.5522388,1,6, 897,Answering,100,100,100,0,1
1298529233782.05,2:33:53 PM,115,0,461,3953.84615384615,4484.10256410256,3764.61538461539,3928.20512820513,4142.5641025641,4474.35897435897,4315.38461538462,4108.20512820513,4353.84615384615,4490.76923076923,4028.20512820513,4151.79487179487,4475.38461538462,4281.02564102564,1681,1633,221.084,197.044342041016,0,0,0,0,0.1903581,0.3316163,0.3333333,0.436216,0.5522388,1,6, 897,Answering,100,100,100,0,1
1298529233782.05,2:33:53 PM,116,0,329,3952.30769230769,4457.94871794872,3767.17948717949,3940,4108.71794871795,4499.48717948718,4323.07692307692,4100,4334.35897435897,4467.69230769231,4026.15384615385,4157.94871794872,4475.38461538462,4287.69230769231,1680,1631,221.092,197.044342041016,0,0,0,0,0.1903581,0.3316163,0.3333333,0.436216,0.5522388,1,6, 897,Answering,100,100,100,0,1
1298529233782.05,2:33:53 PM,117,0,299,3972.30769230769,4474.35897435897,3775.89743589744,3950.25641025641,4123.58974358974,4504.10256410256,4333.33333333333,4101.02564102564,4329.74358974359,4485.12820512821,4032.82051282051,4172.82051282051,4494.35897435897,4309.23076923077,1681,1626,221.105,197.044342041016,0,0,0,0,0.1903581,0.3316163,0.3333333,0.436216,0.5522388,1,6, 897,Answering,100,100,100,0,1
1298529233782.05,2:33:53 PM,118,0,476,3984.61538461539,4497.94871794872,3786.66666666667,3952.30769230769,4161.53846153846,4475.89743589744,4333.84615384615,4125.12820512821,4346.15384615385,4507.69230769231,4045.64102564103,4180.51282051282,4511.79487179487,4318.46153846154,1680,1617,221.107,197.044342041016,0,0,0,0,0.1903581,0.3316163,0.3333333,0.436216,0.5522388,1,6, 897,Answering,100,100,100,0,1
1298529233782.05,2:33:53 PM,119,0,461,3967.17948717949,4487.17948717949,3781.02564102564,3951.28205128205,4175.38461538462,4470.76923076923,4328.71794871795,4141.53846153846,4348.71794871795,4495.38461538462,4049.23076923077,4175.89743589744,4504.61538461538,4306.15384615385,1680,1612,221.115,197.044342041016,0,0,0,0,0.1903581,0.3316163,0.3333333,0.436216,0.5522388,1,6, 897,Answering,100,100,100,0,1
1298529233782.05,2:33:53 PM,120,0,329,3952.30769230769,4479.48717948718,3766.15384615385,3948.71794871795,4157.94871794872,4485.64102564103,4327.17948717949,4128.71794871795,4336.41025641026,4486.66666666667,4030.76923076923,4167.69230769231,4498.97435897436,4290.76923076923,1680,1605,221.123,197.044342041016,0,0,0,0,0.1903581,0.3316163,0.3333333,0.436216,0.5522388,1,6, 897,Answering,100,100,100,0,1
1298529233782.05,2:33:53 PM,121,0,299,3968.20512820513,4498.97435897436,3768.71794871795,3948.71794871795,4144.61538461538,4489.23076923077,4330.76923076923,4117.94871794872,4333.33333333333,4505.12820512821,4016.41025641026,4168.20512820513,4527.17948717949,4294.35897435897,1679,1604,221.135,197.044342041016,0,0,0,0,0.1903581,0.3316163,0.3333333,0.436216,0.5522388,1,6, 897,Answering,100,100,100,0,1
1298529233782.05,2:33:53 PM,122,0,476,3975.38461538462,4492.82051282051,3776.92307692308,3956.41025641026,4163.58974358974,4492.82051282051,4336.41025641026,4126.15384615385,4331.79487179487,4503.58974358974,4031.79487179487,4174.35897435897,4520,4298.97435897436,1680,1604,221.139,197.044342041016,0,0,0,0,0.1903581,0.3316163,0.3333333,0.436216,0.5522388,1,6, 897,Answering,100,100,100,0,1
1298529233782.05,2:33:53 PM,123,0,461,3958.46153846154,4455.38461538462,3773.84615384615,3967.69230769231,4163.58974358974,4494.35897435897,4336.92307692308,4124.61538461538,4318.46153846154,4481.53846153846,4054.35897435898,4174.8717948718,4458.46153846154,4292.30769230769,1677,1610,221.146,197.044342041016,0,0,0,0,0.1903581,0.3316163,0.3333333,0.436216,0.5522388,1,6, 897,Answering,100,100,100,0,1
1298529233782.05,2:33:53 PM,124,0,329,3973.33333333333,4469.74358974359,3780,3977.4358974359,4140.51282051282,4472.30769230769,4339.48717948718,4119.48717948718,4305.64102564103,4491.28205128205,4056.41025641026,4179.48717948718,4470.76923076923,4304.10256410256,1678,1618,221.154,197.044342041016,0,0,0,0,0.1903581,0.3316163,0.3333333,0.436216,0.5522388,1,6, 897,Answering,100,100,100,0,1
1298529233782.05,2:33:53 PM,125,0,299,3991.79487179487,4498.46153846154,3783.58974358974,3982.5641025641,4150.25641025641,4476.41025641026,4345.12820512821,4116.41025641026,4302.5641025641,4501.53846153846,4036.92307692308,4175.89743589744,4530.76923076923,4308.20512820513,1678,1629,221.166,197.169448852539,0,0,0,0,0.1903581,0.3316163,0.3333333,0.436216,0.5522388,1,6, 897,Answering,100,100,100,0,1
1298529233782.05,2:33:53 PM,126,0,476,3964.61538461539,4471.28205128205,3766.66666666667,3985.12820512821,4171.79487179487,4526.15384615385,4338.97435897436,4093.84615384615,4298.46153846154,4471.79487179487,4021.02564102564,4154.8717948718,4509.74358974359,4278.97435897436,1678,1640,221.17,197.169448852539,0,0,0,0,0.1903581,0.3316163,0.3333333,0.436216,0.5522388,1,6, 897,Answering,100,100,100,0,1
1298529233782.05,2:33:53 PM,127,0,461,3959.48717948718,4465.12820512821,3764.10256410256,3994.8717948718,4158.46153846154,4529.23076923077,4335.38461538462,4082.5641025641,4280.51282051282,4462.05128205128,4023.58974358974,4150.25641025641,4474.35897435897,4273.84615384615,1679,1649,221.178,197.169448852539,0,0,0,0,0.1903581,0.3316163,0.3333333,0.436216,0.5522388,1,6, 897,Answering,100,100,100,0,1
1298529233782.05,2:33:53 PM,128,0,329,3997.4358974359,4495.89743589744,3780.51282051282,4020,4157.4358974359,4482.5641025641,4354.8717948718,4109.23076923077,4271.79487179487,4493.33333333333,4038.46153846154,4166.66666666667,4506.66666666667,4302.05128205128,1679,1647,221.185,197.169448852539,0,0,0,0,0.1903581,0.3316163,0.3333333,0.436216,0.5522388,1,6, 897,Answering,100,100,100,0,1
1298529233782.05,2:33:53 PM,0,0,362,4006.66666666667,4487.69230769231,3785.12820512821,4042.05128205128,4174.35897435897,4470.76923076923,4362.5641025641,4126.15384615385,4286.15384615385,4509.23076923077,4053.84615384615,4175.89743589744,4535.89743589744,4309.74358974359,1680,1648,221.197,197.200714111328,0,0,0,0,0.1903581,0.3316163,0.3333333,0.436216,0.5522388,1,6, 897,Answering,100,100,100,0,1
1298529233782.05,2:33:53 PM,1,0,173,3999.48717948718,4484.61538461538,3783.58974358974,4043.58974358974,4171.28205128205,4485.12820512821,4348.71794871795,4120,4293.84615384615,4504.61538461538,4064.61538461539,4180.51282051282,4545.64102564103,4308.20512820513,1680,1659,221.201,197.200714111328,0,0,0,0,0.1903581,0.3316163,0.3333333,0.436216,0.5522388,1,6, 897,Answering,100,100,100,0,1
1298529233782.05,2:33:53 PM,2,0,524,3997.94871794872,4512.30769230769,3781.02564102564,4032.82051282051,4173.84615384615,4488.20512820513,4351.28205128205,4125.64102564103,4276.92307692308,4500.51282051282,4063.58974358974,4181.53846153846,4532.82051282051,4310.25641025641,1681,1663,221.209,197.200714111328,0,0,0,0,0.1903581,0.3316163,0.3333333,0.436216,0.5522388,1,6, 897,Answering,100,100,100,0,1
1298529233782.05,2:33:53 PM,3,0,491,3962.05128205128,4487.17948717949,3765.12820512821,4033.33333333333,4178.97435897436,4501.02564102564,4349.74358974359,4114.35897435897,4246.15384615385,4470.25641025641,4047.17948717949,4160,4476.92307692308,4283.07692307692,1679,1662,221.217,197.200714111328,0,0,0,0,0.1903581,0.3316163,0.3333333,0.436216,0.5522388,1,6, 897,Answering,100,100,100,0,1
1298529233782.05,2:33:53 PM,4,0,538,3934.35897435898,4456.92307692308,3764.10256410256,4051.28205128205,4175.89743589744,4505.64102564103,4328.71794871795,4093.84615384615,4243.07692307692,4441.02564102564,4041.53846153846,4148.71794871795,4462.5641025641,4267.17948717949,1681,1655,221.229,197.200714111328,0,0,0,0,0.1903581,0.3316163,0.3333333,0.436216,0.5522388,1,6, 897,Answering,100,100,100,0,1
1298529233782.05,2:33:53 PM,5,0,497,3956.92307692308,4479.48717948718,3778.97435897436,4064.10256410256,4168.20512820513,4479.48717948718,4329.74358974359,4118.46153846154,4271.28205128205,4460,4058.46153846154,4167.17948717949,4501.02564102564,4292.30769230769,1680,1648,221.232,197.200714111328,0,0,0,0,0.1903581,0.3316163,0.3333333,0.436216,0.5522388,1,6, 897,Answering,100,100,100,0,1
1298529233782.05,2:33:53 PM,6,0,531,3972.30769230769,4483.07692307692,3778.46153846154,4063.58974358974,4147.17948717949,4478.46153846154,4349.23076923077,4136.92307692308,4278.46153846154,4483.58974358974,4060,4172.82051282051,4517.4358974359,4296.41025641026,1680,1643,221.24,197.200714111328,0,0,0,0,0.1903581,0.3316163,0.3333333,0.436216,0.5522388,1,6, 897,Answering,100,100,100,0,1
1298529233782.05,2:33:53 PM,7,0,494,3970.25641025641,4466.66666666667,3773.84615384615,4069.23076923077,4147.69230769231,4501.02564102564,4353.33333333333,4122.5641025641,4260.51282051282,4491.28205128205,4047.17948717949,4164.10256410256,4528.71794871795,4282.5641025641,1680,1637,221.248,197.200714111328,0,0,0,0,0.1903581,0.3316163,0.3333333,0.436216,0.5522388,1,6, 897,Answering,100,100,100,0,1
1298529233782.05,2:33:53 PM,8,0,394,3992.30769230769,4477.4358974359,3784.10256410256,4085.64102564103,4188.20512820513,4516.41025641026,4358.46153846154,4130.76923076923,4267.69230769231,4493.84615384615,4060,4174.35897435897,4536.41025641026,4293.84615384615,1680,1637,221.261,197.200714111328,0,0,0,0,0.1903581,0.3316163,0.3333333,0.436216,0.5522388,1,6, 897,Answering,100,100,100,0,1
1298529233782.05,2:33:53 PM,9,0,445,4024.10256410256,4491.28205128205,3793.33333333333,4091.79487179487,4211.28205128205,4531.28205128205,4373.84615384615,4148.20512820513,4288.71794871795,4489.74358974359,4079.48717948718,4184.10256410256,4525.64102564103,4312.30769230769,1678,1638,221.264,197.200714111328,0,0,0,0,0.1903581,0.3316163,0.3333333,0.436216,0.5522388,1,6, 897,Answering,100,100,100,0,1
1298529233782.05,2:33:53 PM,10,0,474,4036.41025641026,4489.74358974359,3793.84615384615,4087.17948717949,4190.25641025641,4519.48717948718,4372.30769230769,4129.23076923077,4272.30769230769,4489.74358974359,4062.05128205128,4176.92307692308,4540,4307.69230769231,1677,1643,221.271,197.200714111328,0,0,0,0,0.1903581,0.3316163,0.3333333,0.436216,0.5522388,1,6, 897,Answering,100,100,100,0,1
1298529233782.05,2:33:53 PM,11,0,461,4044.10256410256,4495.38461538462,3796.41025641026,4093.84615384615,4177.94871794872,4488.20512820513,4365.12820512821,4118.46153846154,4243.07692307692,4490.25641025641,4056.41025641026,4178.97435897436,4544.10256410256,4304.61538461538,1675,1649,221.279,197.200714111328,0,0,0,0,0.1903581,0.3316163,0.3333333,0.436216,0.5522388,1,6, 897,Answering,100,100,100,0,1
1298529233782.05,2:33:53 PM,12,0,329,4055.89743589744,4511.28205128205,3800,4105.64102564103,4193.84615384615,4492.82051282051,4366.15384615385,4138.46153846154,4248.71794871795,4484.10256410256,4083.07692307692,4191.28205128205,4518.97435897436,4314.8717948718,1674,1653,221.291,197.294555664063,0,0,0,0,0.1903581,0.3316163,0.3333333,0.436216,0.5522388,1,6, 897,Answering,100,100,100,0,1
1298529233782.05,2:33:53 PM,13,0,296,4053.33333333333,4507.17948717949,3798.46153846154,4108.71794871795,4191.79487179487,4513.33333333333,4363.58974358974,4137.4358974359,4261.02564102564,4487.69230769231,4080,4187.69230769231,4528.20512820513,4314.8717948718,1674,1653,221.295,197.294555664063,0,0,0,0,0.1903581,0.3316163,0.3333333,0.436216,0.5522388,1,6, 897,Answering,100,100,100,0,1
1298529233782.05,2:33:53 PM,14,0,474,4044.61538461539,4487.17948717949,3794.35897435898,4110.25641025641,4169.23076923077,4509.23076923077,4362.05128205128,4123.07692307692,4257.94871794872,4498.46153846154,4055.89743589744,4179.48717948718,4543.07692307692,4307.17948717949,1671,1651,221.303,197.294555664063,0,0,0,0,0.1903581,0.3316163,0.3333333,0.436216,0.5522388,1,6, 897,Answering,100,100,100,0,1
1298529233782.05,2:33:53 PM,15,0,461,4046.15384615385,4480,3791.79487179487,4117.94871794872,4179.48717948718,4506.66666666667,4369.23076923077,4127.17948717949,4255.89743589744,4493.84615384615,4060.51282051282,4182.05128205128,4531.79487179487,4307.69230769231,1673,1647,221.311,197.294555664063,0,0,0,0,0.1903581,0.3316163,0.3333333,0.436216,0.5522388,1,6, 897,Answering,100,100,100,0,1
1298529233782.05,2:33:53 PM,16,0,0,4042.05128205128,4475.89743589744,3788.20512820513,4128.20512820513,4198.46153846154,4514.8717948718,4364.10256410256,4122.05128205128,4234.8717948718,4482.05128205128,4066.15384615385,4180.51282051282,4530.25641025641,4303.58974358974,1672,1643,221.324,197.294555664063,0,0,0,0,0.1903581,0.3316163,0.3333333,0.436216,0.5522388,1,6, 897,Answering,100,100,100,0,1
1298529233782.05,2:33:53 PM,17,0,0,4032.82051282051,4466.66666666667,3784.10256410256,4135.89743589744,4179.48717948718,4516.41025641026,4352.82051282051,4108.71794871795,4210.76923076923,4477.4358974359,4052.82051282051,4174.8717948718,4539.48717948718,4295.38461538462,1673,1644,221.326,197.294555664063,0,0,0,0,0.1903581,0.3316163,0.3333333,0.436216,0.5522388,1,6, 897,Answering,100,100,100,0,1
1298529233782.05,2:33:53 PM,18,0,0,4050.76923076923,4489.74358974359,3795.38461538462,4139.48717948718,4168.20512820513,4507.69230769231,4363.07692307692,4136.92307692308,4237.94871794872,4490.76923076923,4071.28205128205,4188.20512820513,4550.25641025641,4315.38461538462,1674,1645,221.334,197.294555664063,0,0,0,0,0.1903581,0.3316163,0.3333333,0.436216,0.5522388,1,6, 897,Answering,100,100,100,0,1
1298529233782.05,2:33:53 PM,19,0,0,4069.74358974359,4523.58974358974,3805.64102564103,4142.05128205128,4172.30769230769,4491.28205128205,4375.38461538462,4160.51282051282,4248.20512820513,4495.89743589744,4099.48717948718,4204.61538461538,4548.71794871795,4336.92307692308,1674,1650,221.342,197.294555664063,0,0,0,0,0.1903581,0.3316163,0.3333333,0.436216,0.5522388,1,6, 897,Answering,100,100,100,0,1
1298529234284.07,2:33:54 PM,20,0,0,4064.61538461539,4518.97435897436,3801.53846153846,4153.84615384615,4167.69230769231,4491.79487179487,4375.38461538462,4137.94871794872,4210.76923076923,4482.05128205128,4081.53846153846,4201.02564102564,4534.8717948718,4323.58974358974,1674,1652,221.354,197.294555664063,0,0,0,0,0.1950439,0.4357381,0.3333333,0.4646746,0.5522388,1,5, 1263,Answering,100,100,100,0,1
1298529234284.07,2:33:54 PM,21,0,0,4063.07692307692,4507.17948717949,3801.02564102564,4166.66666666667,4199.48717948718,4512.30769230769,4381.53846153846,4134.8717948718,4223.07692307692,4486.66666666667,4057.4358974359,4195.38461538462,4548.20512820513,4317.94871794872,1674,1655,221.357,197.294555664063,0,0,0,0,0.1950439,0.4357381,0.3333333,0.4646746,0.5522388,1,5, 1263,Answering,100,100,100,0,1
1298529234284.07,2:33:54 PM,22,0,0,4059.48717948718,4507.69230769231,3801.02564102564,4167.17948717949,4224.61538461538,4521.02564102564,4391.28205128205,4154.8717948718,4247.17948717949,4487.69230769231,4067.17948717949,4193.84615384615,4558.97435897436,4325.12820512821,1673,1658,221.365,197.294555664063,0,0,0,0,0.1950439,0.4357381,0.3333333,0.4646746,0.5522388,1,5, 1263,Answering,100,100,100,0,1
1298529234284.07,2:33:54 PM,23,0,0,4048.71794871795,4482.05128205128,3794.8717948718,4171.79487179487,4187.17948717949,4523.07692307692,4394.8717948718,4161.02564102564,4228.71794871795,4478.46153846154,4076.92307692308,4192.30769230769,4541.02564102564,4321.02564102564,1672,1657,221.373,197.294555664063,0,0,0,0,0.1950439,0.4357381,0.3333333,0.4646746,0.5522388,1,5, 1263,Answering,100,100,100,0,1
1298529234284.07,2:33:54 PM,24,0,0,4045.64102564103,4446.15384615385,3793.33333333333,4187.69230769231,4174.8717948718,4533.84615384615,4387.17948717949,4162.05128205128,4234.8717948718,4490.25641025641,4061.02564102564,4188.71794871795,4541.53846153846,4314.35897435897,1669,1647,221.385,197.294555664063,0,0,0,0,0.1950439,0.4357381,0.3333333,0.4646746,0.5522388,1,5, 1263,Answering,100,100,100,0,1
1298529234284.07,2:33:54 PM,25,0,0,4042.5641025641,4461.02564102564,3794.35897435898,4188.71794871795,4206.15384615385,4536.41025641026,4377.94871794872,4164.10256410256,4245.64102564103,4502.5641025641,4048.71794871795,4185.64102564103,4548.71794871795,4307.69230769231,1669,1642,221.389,197.294555664063,0,0,0,0,0.1950439,0.4357381,0.3333333,0.4646746,0.5522388,1,5, 1263,Answering,100,100,100,0,1
1298529234284.07,2:33:54 PM,26,0,0,4055.89743589744,4508.71794871795,3796.92307692308,4182.05128205128,4205.64102564103,4519.48717948718,4384.61538461538,4169.74358974359,4228.20512820513,4500,4073.33333333333,4196.92307692308,4548.71794871795,4314.35897435897,1669,1636,221.397,197.294555664063,0,0,0,0,0.1950439,0.4357381,0.3333333,0.4646746,0.5522388,1,5, 1263,Answering,100,100,100,0,1
1298529234284.07,2:33:54 PM,27,0,0,4092.82051282051,4514.8717948718,3808.20512820513,4191.79487179487,4188.71794871795,4496.41025641026,4389.23076923077,4176.92307692308,4237.4358974359,4499.48717948718,4103.07692307692,4217.94871794872,4574.35897435897,4344.61538461538,1668,1634,221.404,197.294555664063,0,0,0,0,0.1950439,0.4357381,0.3333333,0.4646746,0.5522388,1,5, 1263,Answering,100,100,100,0,1
1298529234284.07,2:33:54 PM,28,0,0,4111.28205128205,4474.35897435897,3814.8717948718,4203.07692307692,4196.92307692308,4491.28205128205,4381.02564102564,4172.30769230769,4266.66666666667,4521.02564102564,4095.89743589744,4220.51282051282,4612.30769230769,4358.97435897436,1670,1632,221.418,197.419662475586,0,0,0,0,0.1950439,0.4357381,0.3333333,0.4646746,0.5522388,1,5, 1263,Answering,100,100,100,0,1
1298529234284.07,2:33:54 PM,29,0,0,4106.15384615385,4439.48717948718,3810.25641025641,4198.97435897436,4201.53846153846,4510.25641025641,4380.51282051282,4174.8717948718,4276.41025641026,4553.33333333333,4082.05128205128,4210.25641025641,4637.94871794872,4351.28205128205,1671,1634,221.42,197.419662475586,0,0,0,0,0.1950439,0.4357381,0.3333333,0.4646746,0.5522388,1,5, 1263,Answering,100,100,100,0,1
1298529234284.07,2:33:54 PM,30,0,0,4104.61538461538,4415.38461538462,3803.58974358974,4196.92307692308,4182.5641025641,4541.02564102564,4378.46153846154,4166.66666666667,4256.92307692308,4532.30769230769,4091.79487179487,4207.17948717949,4640.51282051282,4347.17948717949,1672,1632,221.428,197.419662475586,0,0,0,0,0.1950439,0.4357381,0.3333333,0.4646746,0.5522388,1,5, 1263,Answering,100,100,100,0,1
1298529234284.07,2:33:54 PM,31,0,0,4109.74358974359,4394.35897435897,3806.66666666667,4208.71794871795,4171.28205128205,4551.79487179487,4374.35897435897,4137.94871794872,4213.33333333333,4483.07692307692,4112.82051282051,4212.30769230769,4626.15384615385,4358.46153846154,1673,1629,221.436,197.419662475586,0,0,0,0,0.1950439,0.4357381,0.3333333,0.4646746,0.5522388,1,5, 1263,Answering,100,100,100,0,1
1298529234284.07,2:33:54 PM,32,0,0,4122.05128205128,4387.69230769231,3818.46153846154,4223.07692307692,4172.82051282051,4531.28205128205,4385.12820512821,4152.82051282051,4224.61538461538,4517.94871794872,4138.97435897436,4227.69230769231,4618.97435897436,4378.97435897436,1675,1633,221.449,197.419662475586,0,0,0,0,0.1950439,0.4357381,0.3333333,0.4646746,0.5522388,1,5, 1263,Answering,100,100,100,0,1
1298529234284.07,2:33:54 PM,33,0,0,4127.69230769231,4376.41025641026,3818.97435897436,4235.89743589744,4178.97435897436,4522.5641025641,4389.23076923077,4196.92307692308,4269.74358974359,4569.74358974359,4148.20512820513,4234.35897435897,4626.66666666667,4383.07692307692,1674,1646,221.451,197.419662475586,0,0,0,0,0.1950439,0.4357381,0.3333333,0.4646746,0.5522388,1,5, 1263,Answering,100,100,100,0,1
1298529234284.07,2:33:54 PM,34,0,0,4121.02564102564,4369.74358974359,3811.79487179487,4249.74358974359,4185.64102564103,4526.66666666667,4384.10256410256,4188.71794871795,4252.30769230769,4546.66666666667,4126.15384615385,4222.05128205128,4648.20512820513,4364.10256410256,1674,1652,221.459,197.419662475586,0,0,0,0,0.1950439,0.4357381,0.3333333,0.4646746,0.5522388,1,5, 1263,Answering,100,100,100,0,1
1298529234284.07,2:33:54 PM,35,0,0,4123.07692307692,4386.66666666667,3811.79487179487,4255.89743589744,4179.48717948718,4518.46153846154,4391.28205128205,4166.15384615385,4230.25641025641,4517.4358974359,4114.8717948718,4214.35897435897,4660,4355.38461538462,1673,1650,221.467,197.419662475586,0,0,0,0,0.1950439,0.4357381,0.3333333,0.4646746,0.5522388,1,5, 1263,Answering,100,100,100,0,1
1298529234284.07,2:33:54 PM,36,0,0,4127.17948717949,4407.69230769231,3808.71794871795,4253.33333333333,4158.46153846154,4509.23076923077,4391.79487179487,4174.35897435897,4244.10256410256,4514.8717948718,4124.10256410256,4213.84615384615,4636.92307692308,4359.48717948718,1674,1648,221.479,197.419662475586,0,0,0,0,0.1950439,0.4357381,0.3333333,0.4646746,0.5522388,1,5, 1263,Answering,100,100,100,0,1
1298529234284.07,2:33:54 PM,37,0,0,4120.51282051282,4412.82051282051,3803.58974358974,4254.35897435897,4160.51282051282,4511.28205128205,4385.64102564103,4180,4243.58974358974,4526.66666666667,4123.58974358974,4214.35897435897,4647.69230769231,4362.05128205128,1674,1646,221.483,197.419662475586,0,0,0,0,0.1950439,0.4357381,0.3333333,0.4646746,0.5522388,1,5, 1263,Answering,100,100,100,0,1
1298529234284.07,2:33:54 PM,38,0,0,4110.25641025641,4396.41025641026,3804.61538461539,4259.48717948718,4188.71794871795,4515.38461538462,4390.76923076923,4171.28205128205,4246.66666666667,4543.07692307692,4118.46153846154,4216.41025641026,4677.4358974359,4360,1673,1645,221.49,197.419662475586,0,0,0,0,0.1950439,0.4357381,0.3333333,0.4646746,0.5522388,1,5, 1263,Answering,100,100,100,0,1
1298529234284.07,2:33:54 PM,39,0,0,4096.41025641026,4374.35897435897,3800,4263.58974358974,4196.92307692308,4525.64102564103,4386.15384615385,4163.07692307692,4261.02564102564,4528.20512820513,4117.4358974359,4212.30769230769,4635.38461538462,4345.12820512821,1674,1642,221.498,197.419662475586,0,0,0,0,0.1950439,0.4357381,0.3333333,0.4646746,0.5522388,1,5, 1263,Answering,100,100,100,0,1
1298529234284.07,2:33:54 PM,40,0,0,4097.94871794872,4375.38461538462,3800.51282051282,4280,4177.94871794872,4532.30769230769,4371.28205128205,4168.20512820513,4249.74358974359,4514.8717948718,4118.97435897436,4215.89743589744,4604.61538461538,4345.64102564103,1674,1640,221.51,197.419662475586,0,0,0,0,0.1950439,0.4357381,0.3333333,0.4646746,0.5522388,1,5, 1263,Answering,100,100,100,0,1
1298529234284.07,2:33:54 PM,41,0,0,4117.4358974359,4385.12820512821,3814.35897435898,4304.61538461538,4163.07692307692,4516.92307692308,4376.92307692308,4187.69230769231,4238.97435897436,4530.25641025641,4123.07692307692,4233.33333333333,4630.25641025641,4369.74358974359,1675,1641,221.514,197.419662475586,0,0,0,0,0.1950439,0.4357381,0.3333333,0.4646746,0.5522388,1,5, 1263,Answering,100,100,100,0,1
1298529234284.07,2:33:54 PM,42,0,0,4120.51282051282,4380,3817.94871794872,4316.41025641026,4169.23076923077,4507.17948717949,4394.8717948718,4192.82051282051,4245.12820512821,4529.74358974359,4119.48717948718,4235.89743589744,4620.51282051282,4373.84615384615,1675,1643,221.521,197.419662475586,0,0,0,0,0.1950439,0.4357381,0.3333333,0.4646746,0.5522388,1,5, 1263,Answering,100,100,100,0,1
1298529234284.07,2:33:54 PM,43,0,0,4100,4368.20512820513,3805.12820512821,4314.35897435897,4171.79487179487,4515.38461538462,4384.61538461538,4169.23076923077,4243.58974358974,4515.89743589744,4103.58974358974,4220.51282051282,4609.74358974359,4354.8717948718,1677,1643,221.529,197.419662475586,0,0,0,0,0.1950439,0.4357381,0.3333333,0.4646746,0.5522388,1,5, 1263,Answering,100,100,100,0,1
1298529234284.07,2:33:54 PM,44,0,0,4091.79487179487,4367.69230769231,3802.05128205128,4324.10256410256,4148.20512820513,4525.64102564103,4365.64102564103,4157.4358974359,4246.15384615385,4517.4358974359,4105.64102564103,4218.97435897436,4642.05128205128,4350.25641025641,1676,1644,221.541,197.544769287109,0,0,0,0,0.1950439,0.4357381,0.3333333,0.4646746,0.5522388,1,5, 1263,Answering,100,100,100,0,1
1298529234284.07,2:33:54 PM,45,0,0,4110.76923076923,4395.89743589744,3812.82051282051,4343.07692307692,4157.94871794872,4514.8717948718,4384.61538461538,4193.84615384615,4261.02564102564,4538.46153846154,4129.74358974359,4234.35897435897,4660.51282051282,4371.79487179487,1679,1640,221.545,197.544769287109,0,0,0,0,0.1950439,0.4357381,0.3333333,0.4646746,0.5522388,1,5, 1263,Answering,100,100,100,0,1
1298529234284.07,2:33:54 PM,46,0,0,4106.66666666667,4412.30769230769,3808.20512820513,4343.58974358974,4185.12820512821,4509.74358974359,4402.5641025641,4213.33333333333,4273.84615384615,4546.66666666667,4124.10256410256,4228.71794871795,4646.15384615385,4370.25641025641,1678,1636,221.553,197.544769287109,0,0,0,0,0.1950439,0.4357381,0.3333333,0.4646746,0.5522388,1,5, 1263,Answering,100,100,100,0,1
1298529234284.07,2:33:54 PM,47,0,0,4073.33333333333,4395.89743589744,3793.33333333333,4335.38461538462,4162.05128205128,4530.76923076923,4386.66666666667,4187.69230769231,4267.69230769231,4523.07692307692,4108.20512820513,4214.35897435897,4608.71794871795,4343.58974358974,1678,1633,221.561,197.544769287109,0,0,0,0,0.1950439,0.4357381,0.3333333,0.4646746,0.5522388,1,5, 1263,Answering,100,100,100,0,1
1298529234284.07,2:33:54 PM,48,0,0,4069.74358974359,4394.35897435897,3796.41025641026,4342.5641025641,4144.10256410256,4534.35897435897,4389.23076923077,4185.64102564103,4248.20512820513,4516.92307692308,4120,4223.07692307692,4587.69230769231,4348.20512820513,1679,1628,221.573,197.544769287109,0,0,0,0,0.1950439,0.4357381,0.3333333,0.4646746,0.5522388,1,5, 1263,Answering,100,100,100,0,1
1298529234284.07,2:33:54 PM,49,0,0,4078.97435897436,4392.30769230769,3798.46153846154,4348.20512820513,4174.35897435897,4528.20512820513,4400.51282051282,4192.82051282051,4238.46153846154,4524.61538461538,4114.35897435897,4223.58974358974,4603.58974358974,4356.92307692308,1678,1625,221.576,197.544769287109,0,0,0,0,0.1950439,0.4357381,0.3333333,0.4646746,0.5522388,1,5, 1263,Answering,100,100,100,0,1
1298529234284.07,2:33:54 PM,50,0,0,4070.25641025641,4378.46153846154,3790.25641025641,4347.69230769231,4189.23076923077,4525.12820512821,4382.5641025641,4174.35897435897,4253.33333333333,4509.74358974359,4093.84615384615,4209.23076923077,4615.89743589744,4341.02564102564,1678,1624,221.584,197.544769287109,0,0,0,0,0.1950439,0.4357381,0.3333333,0.4646746,0.5522388,1,5, 1263,Answering,100,100,100,0,1
1298529234284.07,2:33:54 PM,51,0,0,4086.15384615385,4392.82051282051,3799.48717948718,4358.97435897436,4166.15384615385,4500,4375.38461538462,4176.92307692308,4268.20512820513,4528.71794871795,4116.41025641026,4223.58974358974,4621.02564102564,4357.94871794872,1678,1625,221.592,197.544769287109,0,0,0,0,0.1950439,0.4357381,0.3333333,0.4646746,0.5522388,1,5, 1263,Answering,100,100,100,0,1
1298529234284.07,2:33:54 PM,52,0,0,4100.51282051282,4399.48717948718,3804.61538461539,4366.15384615385,4146.15384615385,4492.82051282051,4387.69230769231,4187.69230769231,4257.4358974359,4559.48717948718,4130.76923076923,4235.89743589744,4630.25641025641,4376.41025641026,1678,1626,221.604,197.607315063477,0,0,0,0,0.1950439,0.4357381,0.3333333,0.4646746,0.5522388,1,5, 1263,Answering,100,100,100,0,1
1298529234284.07,2:33:54 PM,53,0,0,4076.41025641026,4368.20512820513,3790.25641025641,4365.64102564103,4145.12820512821,4540,4392.30769230769,4166.15384615385,4240,4519.48717948718,4102.5641025641,4213.33333333333,4613.33333333333,4345.12820512821,1679,1627,221.608,197.607315063477,0,0,0,0,0.1950439,0.4357381,0.3333333,0.4646746,0.5522388,1,5, 1263,Answering,100,100,100,0,1
1298529234284.07,2:33:54 PM,54,0,0,4081.02564102564,4375.38461538462,3795.38461538462,4378.97435897436,4178.46153846154,4555.38461538462,4398.46153846154,4164.10256410256,4247.17948717949,4497.4358974359,4106.66666666667,4211.79487179487,4599.48717948718,4342.5641025641,1680,1622,221.615,197.607315063477,0,0,0,0,0.1950439,0.4357381,0.3333333,0.4646746,0.5522388,1,5, 1263,Answering,100,100,100,0,1
1298529234284.07,2:33:54 PM,55,0,0,4102.5641025641,4411.28205128205,3805.64102564103,4384.61538461538,4201.53846153846,4512.82051282051,4393.33333333333,4180,4255.38461538462,4528.20512820513,4127.69230769231,4228.20512820513,4617.94871794872,4369.23076923077,1679,1624,221.623,197.607315063477,0,0,0,0,0.1950439,0.4357381,0.3333333,0.4646746,0.5522388,1,5, 1263,Answering,100,100,100,0,1
1298529234284.07,2:33:54 PM,56,0,0,4083.07692307692,4407.69230769231,3789.23076923077,4374.35897435897,4165.12820512821,4504.10256410256,4375.89743589744,4161.02564102564,4231.28205128205,4512.30769230769,4108.71794871795,4217.4358974359,4624.10256410256,4350.25641025641,1681,1633,221.636,197.607315063477,0,0,0,0,0.1950439,0.4357381,0.3333333,0.4646746,0.5522388,1,5, 1263,Answering,100,100,100,0,1
1298529234284.07,2:33:54 PM,57,0,0,4064.61538461539,4392.82051282051,3777.94871794872,4372.30769230769,4148.71794871795,4542.5641025641,4386.15384615385,4156.92307692308,4231.79487179487,4488.71794871795,4094.35897435898,4207.17948717949,4599.48717948718,4325.12820512821,1682,1635,221.639,197.607315063477,0,0,0,0,0.1950439,0.4357381,0.3333333,0.4646746,0.5522388,1,5, 1263,Answering,100,100,100,0,1
1298529234284.07,2:33:54 PM,58,0,0,4070.25641025641,4388.71794871795,3782.05128205128,4375.89743589744,4176.92307692308,4552.82051282051,4390.25641025641,4176.41025641026,4266.15384615385,4520,4109.23076923077,4209.23076923077,4584.10256410256,4330.76923076923,1683,1633,221.646,197.607315063477,0,0,0,0,0.1950439,0.4357381,0.3333333,0.4646746,0.5522388,1,5, 1263,Answering,100,100,100,0,1
1298529234284.07,2:33:54 PM,59,0,0,4082.05128205128,4394.35897435897,3787.69230769231,4378.97435897436,4176.41025641026,4501.02564102564,4367.17948717949,4178.97435897436,4261.53846153846,4538.97435897436,4125.12820512821,4213.84615384615,4600,4346.15384615385,1685,1629,221.655,197.607315063477,0,0,0,0,0.1950439,0.4357381,0.3333333,0.4646746,0.5522388,1,5, 1263,Answering,100,100,100,0,1
1298529234284.07,2:33:54 PM,60,0,0,4090.25641025641,4394.8717948718,3789.74358974359,4384.61538461538,4163.58974358974,4484.61538461538,4366.66666666667,4175.38461538462,4238.46153846154,4523.07692307692,4125.12820512821,4220,4620.51282051282,4355.38461538462,1685,1628,221.668,197.669876098633,0,0,0,0,0.1950439,0.4357381,0.3333333,0.4646746,0.5522388,1,5, 1263,Answering,100,100,100,0,1
1298529234284.07,2:33:54 PM,61,0,0,4072.82051282051,4377.94871794872,3780.51282051282,4381.02564102564,4159.48717948718,4526.66666666667,4378.97435897436,4167.69230769231,4247.17948717949,4498.46153846154,4108.20512820513,4210.76923076923,4611.28205128205,4343.07692307692,1688,1629,221.67,197.669876098633,0,0,0,0,0.1950439,0.4357381,0.3333333,0.4646746,0.5522388,1,5, 1263,Answering,100,100,100,0,1
1298529234284.07,2:33:54 PM,62,0,0,4060,4373.33333333333,3778.46153846154,4379.48717948718,4143.58974358974,4520.51282051282,4372.82051282051,4162.5641025641,4253.33333333333,4500.51282051282,4096.92307692308,4197.94871794872,4612.82051282051,4333.33333333333,1688,1630,221.678,197.669876098633,0,0,0,0,0.1950439,0.4357381,0.3333333,0.4646746,0.5522388,1,5, 1263,Answering,100,100,100,0,1
1298529234284.07,2:33:54 PM,63,0,0,4082.05128205128,4390.25641025641,3793.84615384615,4391.28205128205,4154.8717948718,4490.76923076923,4371.79487179487,4175.89743589744,4244.61538461538,4535.38461538462,4117.94871794872,4212.30769230769,4636.41025641026,4355.38461538462,1691,1632,221.686,197.669876098633,0,0,0,0,0.1950439,0.4357381,0.3333333,0.4646746,0.5522388,1,5, 1263,Answering,100,100,100,0,1
1298529234284.07,2:33:54 PM,64,0,362,4082.05128205128,4377.4358974359,3793.33333333333,4394.8717948718,4175.89743589744,4513.84615384615,4379.48717948718,4186.66666666667,4247.69230769231,4532.82051282051,4133.33333333333,4222.05128205128,4614.35897435897,4362.5641025641,1691,1632,221.698,197.701156616211,0,0,0,0,0.1950439,0.4357381,0.3333333,0.4646746,0.5522388,1,5, 1263,Answering,100,100,100,0,1
1298529234284.07,2:33:54 PM,65,0,169,4060,4344.61538461538,3783.58974358974,4387.69230769231,4151.28205128205,4527.69230769231,4384.61538461538,4189.23076923077,4270.76923076923,4513.33333333333,4119.48717948718,4211.28205128205,4593.84615384615,4346.15384615385,1694,1629,221.702,197.701156616211,0,0,0,0,0.1950439,0.4357381,0.3333333,0.4646746,0.5522388,1,5, 1263,Answering,100,100,100,0,1
1298529234284.07,2:33:54 PM,66,0,524,4070.76923076923,4359.48717948718,3792.82051282051,4382.5641025641,4148.71794871795,4513.33333333333,4396.41025641026,4198.46153846154,4291.28205128205,4532.82051282051,4117.4358974359,4212.82051282051,4635.38461538462,4353.33333333333,1693,1628,221.709,197.701156616211,0,0,0,0,0.1950439,0.4357381,0.3333333,0.4646746,0.5522388,1,5, 1263,Answering,100,100,100,0,1
1298529234284.07,2:33:54 PM,67,0,491,4085.64102564103,4400,3798.97435897436,4380.51282051282,4174.35897435897,4513.84615384615,4397.94871794872,4193.33333333333,4278.46153846154,4547.17948717949,4134.8717948718,4223.07692307692,4641.02564102564,4363.58974358974,1693,1629,221.717,197.701156616211,0,0,0,0,0.1950439,0.4357381,0.3333333,0.4646746,0.5522388,1,5, 1263,Answering,100,100,100,0,1
1298529234284.07,2:33:54 PM,68,0,534,4087.17948717949,4404.61538461538,3795.38461538462,4388.20512820513,4150.76923076923,4510.25641025641,4381.53846153846,4178.46153846154,4258.46153846154,4535.89743589744,4144.61538461538,4228.71794871795,4594.8717948718,4361.02564102564,1693,1628,221.729,197.701156616211,0,0,0,0,0.1950439,0.4357381,0.3333333,0.4646746,0.5522388,1,5, 1263,Answering,100,100,100,0,1
1298529234284.07,2:33:54 PM,69,0,497,4089.74358974359,4380.51282051282,3798.97435897436,4392.82051282051,4151.79487179487,4515.38461538462,4381.53846153846,4189.23076923077,4267.17948717949,4533.33333333333,4135.38461538462,4228.71794871795,4598.46153846154,4361.53846153846,1692,1628,221.733,197.701156616211,0,0,0,0,0.1950439,0.4357381,0.3333333,0.4646746,0.5522388,1,5, 1263,Answering,100,100,100,0,1
1298529234284.07,2:33:54 PM,70,0,531,4075.89743589744,4369.23076923077,3801.02564102564,4389.74358974359,4193.84615384615,4529.74358974359,4388.20512820513,4197.94871794872,4273.84615384615,4522.05128205128,4117.4358974359,4221.02564102564,4624.61538461538,4358.46153846154,1693,1627,221.74,197.701156616211,0,0,0,0,0.1950439,0.4357381,0.3333333,0.4646746,0.5522388,1,5, 1263,Answering,100,100,100,0,1
1298529234284.07,2:33:54 PM,71,0,494,4068.71794871795,4377.94871794872,3801.02564102564,4398.46153846154,4166.15384615385,4517.4358974359,4387.17948717949,4187.69230769231,4277.94871794872,4522.05128205128,4123.07692307692,4221.53846153846,4620,4359.48717948718,1691,1628,221.748,197.701156616211,0,0,0,0,0.1950439,0.4357381,0.3333333,0.4646746,0.5522388,1,5, 1263,Answering,100,100,100,0,1
1298529234284.07,2:33:54 PM,72,0,399,4088.20512820513,4376.92307692308,3806.66666666667,4408.71794871795,4127.69230769231,4511.79487179487,4395.89743589744,4193.84615384615,4296.41025641026,4556.92307692308,4138.97435897436,4232.30769230769,4624.61538461538,4372.82051282051,1691,1626,221.76,197.701156616211,0,0,0,0,0.1950439,0.4357381,0.3333333,0.4646746,0.5522388,1,5, 1263,Answering,100,100,100,0,1
1298529234284.07,2:33:54 PM,73,0,445,4095.38461538462,4376.41025641026,3807.17948717949,4399.48717948718,4156.92307692308,4527.69230769231,4402.5641025641,4205.64102564103,4286.15384615385,4546.15384615385,4131.28205128205,4233.84615384615,4622.05128205128,4373.33333333333,1690,1625,221.764,197.701156616211,0,0,0,0,0.1950439,0.4357381,0.3333333,0.4646746,0.5522388,1,5, 1263,Answering,100,100,100,0,1
1298529234284.07,2:33:54 PM,74,0,474,4081.02564102564,4387.69230769231,3801.02564102564,4390.25641025641,4181.53846153846,4524.10256410256,4398.97435897436,4191.28205128205,4258.46153846154,4508.20512820513,4115.89743589744,4226.66666666667,4601.53846153846,4360,1690,1624,221.771,197.701156616211,0,0,0,0,0.1950439,0.4357381,0.3333333,0.4646746,0.5522388,1,5, 1263,Answering,100,100,100,0,1
1298529234284.07,2:33:54 PM,75,0,461,4061.53846153846,4373.84615384615,3789.23076923077,4389.23076923077,4171.28205128205,4522.05128205128,4386.15384615385,4164.10256410256,4256.92307692308,4504.61538461538,4113.84615384615,4217.94871794872,4589.74358974359,4346.15384615385,1689,1622,221.78,197.701156616211,0,0,0,0,0.1950439,0.4357381,0.3333333,0.4646746,0.5522388,1,5, 1263,Answering,100,100,100,0,1
1298529234284.07,2:33:54 PM,76,0,329,4044.61538461539,4354.8717948718,3778.97435897436,4389.23076923077,4156.41025641026,4524.10256410256,4369.23076923077,4163.58974358974,4268.20512820513,4496.41025641026,4112.30769230769,4211.28205128205,4572.30769230769,4335.38461538462,1689,1619,221.792,197.794982910156,0,0,0,0,0.1950439,0.4357381,0.3333333,0.4646746,0.5522388,1,5, 1263,Answering,100,100,100,0,1
1298529234284.07,2:33:54 PM,77,0,295,4058.46153846154,4374.8717948718,3789.23076923077,4393.33333333333,4149.23076923077,4507.69230769231,4378.46153846154,4195.89743589744,4283.58974358974,4507.69230769231,4122.5641025641,4224.10256410256,4576.92307692308,4351.79487179487,1689,1617,221.795,197.794982910156,0,0,0,0,0.1950439,0.4357381,0.3333333,0.4646746,0.5522388,1,5, 1263,Answering,100,100,100,0,1
1298529234284.07,2:33:54 PM,78,0,474,4078.46153846154,4391.28205128205,3800,4395.89743589744,4154.8717948718,4503.07692307692,4401.02564102564,4206.15384615385,4280,4545.12820512821,4131.79487179487,4236.92307692308,4615.89743589744,4368.71794871795,1689,1617,221.803,197.794982910156,0,0,0,0,0.1950439,0.4357381,0.3333333,0.4646746,0.5522388,1,5, 1263,Answering,100,100,100,0,1
1298529234284.07,2:33:54 PM,79,0,461,4063.58974358974,4382.5641025641,3788.20512820513,4395.89743589744,4165.12820512821,4521.53846153846,4395.38461538462,4178.97435897436,4259.48717948718,4532.30769230769,4110.25641025641,4224.10256410256,4618.46153846154,4351.79487179487,1690,1615,221.811,197.794982910156,0,0,0,0,0.1950439,0.4357381,0.3333333,0.4646746,0.5522388,1,5, 1263,Answering,100,100,100,0,1
1298529234284.07,2:33:54 PM,80,0,329,4049.23076923077,4373.84615384615,3778.46153846154,4397.4358974359,4160,4530.76923076923,4379.48717948718,4165.64102564103,4265.12820512821,4498.97435897436,4103.58974358974,4211.28205128205,4586.15384615385,4338.46153846154,1690,1616,221.823,197.794982910156,0,0,0,0,0.1950439,0.4357381,0.3333333,0.4646746,0.5522388,1,5, 1263,Answering,100,100,100,0,1
1298529234284.07,2:33:54 PM,81,0,295,4058.97435897436,4357.4358974359,3786.66666666667,4397.4358974359,4144.10256410256,4513.84615384615,4380.51282051282,4184.61538461538,4279.48717948718,4514.8717948718,4134.8717948718,4221.53846153846,4576.92307692308,4351.79487179487,1689,1621,221.827,197.794982910156,0,0,0,0,0.1950439,0.4357381,0.3333333,0.4646746,0.5522388,1,5, 1263,Answering,100,100,100,0,1
1298529234284.07,2:33:54 PM,82,0,474,4063.58974358974,4353.84615384615,3790.25641025641,4396.41025641026,4142.5641025641,4493.33333333333,4379.48717948718,4194.8717948718,4270.25641025641,4522.5641025641,4136.92307692308,4227.69230769231,4579.48717948718,4355.38461538462,1690,1625,221.834,197.794982910156,0,0,0,0,0.1950439,0.4357381,0.3333333,0.4646746,0.5522388,1,5, 1263,Answering,100,100,100,0,1
1298529234284.07,2:33:54 PM,83,0,461,4057.4358974359,4388.20512820513,3781.53846153846,4393.84615384615,4153.33333333333,4487.17948717949,4374.35897435897,4182.5641025641,4261.02564102564,4504.10256410256,4102.5641025641,4214.8717948718,4588.20512820513,4337.94871794872,1689,1624,221.842,197.794982910156,0,0,0,0,0.1950439,0.4357381,0.3333333,0.4646746,0.5522388,1,5, 1263,Answering,100,100,100,0,1
